InvoiceNo,StockCode,Description,Quantity,InvoiceDate,UnitPrice,CustomerID,Country
539075,47580,TEA TIME DES TEA COSY,3.0,12/15/10 17:28,2.55,17189.0,United Kingdom
544998,22723,SET OF 6 HERB TINS SKETCHBOOK,1.0,2/25/11 11:56,3.95,14470.0,United Kingdom
541875,21786,POLKADOT RAIN HAT ,24.0,1/24/11 10:01,0.42,16558.0,United Kingdom
538071,84559B,3D SHEET OF CAT STICKERS,2.0,12/9/10 14:09,1.69,,United Kingdom
543532,22360,GLASS JAR ENGLISH CONFECTIONERY,1.0,2/9/11 12:59,5.79,,United Kingdom
541104,85184C,S/4 VALENTINE DECOUPAGE HEART BOX,6.0,1/13/11 14:29,3.29,,United Kingdom
541839,22627,MINT KITCHEN SCALES,1.0,1/23/11 11:15,8.5,17769.0,United Kingdom
544187,22652,TRAVEL SEWING KIT,10.0,2/16/11 16:31,1.65,14107.0,United Kingdom
539034,21484,CHICK GREY HOT WATER BOTTLE,3.0,12/15/10 14:29,3.45,16161.0,United Kingdom
541999,22663,JUMBO BAG DOLLY GIRL DESIGN,1.0,1/25/11 10:45,4.13,,United Kingdom
C542635,21212,PACK OF 72 RETROSPOT CAKE CASES,-2.0,1/31/11 10:43,0.42,14688.0,United Kingdom
C543755,22311,OFFICE MUG WARMER BLACK+SILVER ,-6.0,2/11/11 14:48,2.95,14304.0,United Kingdom
539434,22081,RIBBON REEL FLORA + FAUNA ,1.0,12/17/10 14:41,3.36,,United Kingdom
540798,22149,FELTCRAFT 6 FLOWER FRIENDS,6.0,1/11/11 12:11,2.1,17365.0,United Kingdom
543989,21249,WOODLAND  HEIGHT CHART STICKERS ,60.0,2/15/11 9:52,2.55,12415.0,Australia
543518,85032A,ROMANTIC IMAGES GIFT WRAP SET,48.0,2/9/11 11:21,2.1,12753.0,Japan
540023,84997C,BLUE 3 PIECE POLKADOT CUTLERY SET,2.0,1/4/11 12:58,3.75,15039.0,United Kingdom
544943,21670,BLUE SPOT CERAMIC DRAWER KNOB,12.0,2/25/11 10:39,1.25,15845.0,United Kingdom
539220,22971,QUEENS GUARD COFFEE MUG,1.0,12/16/10 12:56,2.55,,United Kingdom
540681,22135,MINI LADLE LOVE HEART PINK,2.0,1/10/11 16:25,0.43,,United Kingdom
538649,22968,ROSE COTTAGE KEEPSAKE BOX ,1.0,12/13/10 15:03,9.95,,United Kingdom
541838,85099C,JUMBO  BAG BAROQUE BLACK WHITE,10.0,1/23/11 10:43,1.95,12916.0,United Kingdom
536592,17014A,ORIGAMI VANILLA INCENSE CONES,1.0,12/1/10 17:06,3.36,,United Kingdom
536862,22186,RED STAR CARD HOLDER,1.0,12/3/10 11:13,5.91,,United Kingdom
536621,22561,WOODEN SCHOOL COLOURING SET,12.0,12/2/10 10:35,1.65,13108.0,United Kingdom
537638,22855,FINE WICKER HEART ,1.0,12/7/10 15:28,2.51,,United Kingdom
542085,22911,PAPER CHAIN KIT LONDON,2.0,1/25/11 12:33,2.95,14534.0,United Kingdom
540859,22314,OFFICE MUG WARMER CHOC+BLUE,3.0,1/12/11 10:58,2.95,17965.0,United Kingdom
544186,22247,BUNNY DECORATION MAGIC GARDEN,2.0,2/16/11 15:56,1.63,,United Kingdom
540566,M,Manual,1.0,1/10/11 10:58,6.7,17811.0,United Kingdom
543006,21122,SET/10 PINK POLKADOT PARTY CANDLES,1.0,2/2/11 12:53,1.25,17975.0,United Kingdom
541277,47599B,BLUE PARTY BAGS ,4.0,1/17/11 11:46,2.1,12673.0,Germany
539217,22659,LUNCH BOX I LOVE LONDON,12.0,12/16/10 12:46,1.95,15394.0,United Kingdom
544395,22980,PANTRY SCRUBBING BRUSH,12.0,2/18/11 12:13,1.65,13397.0,United Kingdom
538177,82599,FANNY'S REST STOPMETAL SIGN,1.0,12/10/10 9:51,4.21,,United Kingdom
544650,22371,AIRLINE BAG VINTAGE TOKYO 78,1.0,2/22/11 12:40,4.25,16349.0,United Kingdom
543549,22616,PACK OF 12 LONDON TISSUES ,432.0,2/10/11 9:29,0.22,17940.0,United Kingdom
544479,22964,3 PIECE SPACEBOY COOKIE CUTTER SET,144.0,2/21/11 10:28,1.85,14646.0,Netherlands
539470,82486,WOOD S/3 CABINET ANT WHITE FINISH,2.0,12/19/10 14:03,7.95,14472.0,United Kingdom
538877,21955,DOORMAT UNION JACK GUNS AND ROSES,2.0,12/14/10 15:29,16.98,,United Kingdom
538071,22423,REGENCY CAKESTAND 3 TIER,4.0,12/9/10 14:09,12.72,,United Kingdom
539988,22149,FELTCRAFT 6 FLOWER FRIENDS,1.0,12/23/10 16:06,2.1,18116.0,United Kingdom
540977,35954,SMALL FOLKART STAR CHRISTMAS DEC,1.0,1/12/11 15:01,3.36,,United Kingdom
539453,47591D,PINK FAIRY CAKE CHILDRENS APRON,1.0,12/17/10 17:08,4.21,,United Kingdom
544452,22470,HEART OF WICKER LARGE,2.0,2/20/11 12:32,2.95,14162.0,United Kingdom
543286,22933,BAKING MOULD EASTER EGG MILK CHOC,24.0,2/7/11 9:50,2.95,14952.0,United Kingdom
538312,84347,ROTATING SILVER ANGELS T-LIGHT HLDR,4.0,12/10/10 13:48,2.55,16727.0,United Kingdom
537196,21624,VINTAGE UNION JACK DOORSTOP,1.0,12/5/10 13:55,5.95,15426.0,United Kingdom
537399,21928,JUMBO BAG SCANDINAVIAN PAISLEY,2.0,12/6/10 14:31,1.95,13030.0,United Kingdom
536799,22386,JUMBO BAG PINK POLKADOT,3.0,12/2/10 16:00,1.95,17228.0,United Kingdom
541516,22279,POCKET BAG BLUE PAISLEY RED SPOT,5.0,1/18/11 17:34,0.83,,United Kingdom
541219,22259,FELT FARM ANIMAL HEN,3.0,1/14/11 14:06,0.83,,United Kingdom
543277,22625,RED KITCHEN SCALES,1.0,2/6/11 14:33,8.5,15808.0,United Kingdom
541214,21485,RETROSPOT HEART HOT WATER BOTTLE,3.0,1/14/11 13:41,4.95,15570.0,United Kingdom
541422,22297,HEART IVORY TRELLIS SMALL,2.0,1/17/11 17:48,2.46,,United Kingdom
537646,22585,PACK OF 6 BIRDY GIFT TAGS,1.0,12/7/10 15:39,1.25,17591.0,United Kingdom
538349,21041,RED RETROSPOT OVEN GLOVE DOUBLE,1.0,12/10/10 14:59,5.91,,United Kingdom
537781,22835,HOT WATER BOTTLE I AM SO POORLY,1.0,12/8/10 12:46,4.65,17341.0,United Kingdom
543546,84978,HANGING HEART JAR T-LIGHT HOLDER,5.0,2/9/11 16:52,2.46,,United Kingdom
544599,22992,REVOLVER WOODEN RULER ,2.0,2/21/11 18:15,3.75,,United Kingdom
538153,22297,HEART IVORY TRELLIS SMALL,1.0,12/9/10 16:31,2.51,,United Kingdom
536796,21984,PACK OF 12 PINK PAISLEY TISSUES ,1.0,12/2/10 15:46,0.29,15574.0,United Kingdom
540832,21668,RED STRIPE CERAMIC DRAWER KNOB,4.0,1/11/11 14:42,2.46,,United Kingdom
544770,21116,OWL DOORSTOP,1.0,2/23/11 11:11,8.29,,United Kingdom
536876,90214I,"LETTER ""I"" BLING KEY RING",1.0,12/3/10 11:36,0.85,,United Kingdom
537645,21874,GIN AND TONIC MUG,4.0,12/7/10 15:34,3.36,,United Kingdom
538631,22800,ANTIQUE TALL SWIRLGLASS TRINKET POT,32.0,12/13/10 13:27,3.75,13408.0,United Kingdom
540551,22341,LOVE GARLAND PAINTED ZINC ,2.0,1/10/11 9:43,3.36,,United Kingdom
544895,21915,RED  HARMONICA IN BOX ,12.0,2/24/11 12:22,1.25,14189.0,United Kingdom
542624,84559a,3D SHEET OF DOG STICKERS,1.0,1/31/11 9:48,1.66,,United Kingdom
544286,84792,ENCHANTED BIRD COATHANGER 5 HOOK,2.0,2/17/11 12:29,4.65,13151.0,United Kingdom
540357,84375,SET OF 20 KIDS COOKIE CUTTERS,24.0,1/6/11 15:14,2.1,13093.0,United Kingdom
541430,22066,LOVE HEART TRINKET POT,24.0,1/18/11 9:50,1.45,12356.0,Portugal
537254,22568,FELTCRAFT CUSHION OWL,2.0,12/6/10 11:01,3.75,15898.0,United Kingdom
539637,22842,BISCUIT TIN VINTAGE RED,2.0,12/20/10 15:22,6.75,14083.0,United Kingdom
544453,21755,LOVE BUILDING BLOCK WORD,2.0,2/20/11 13:06,5.95,17214.0,United Kingdom
539836,22111,SCOTTIE DOG HOT WATER BOTTLE,5.0,12/22/10 13:46,4.95,17894.0,United Kingdom
544892,22193,RED DINER WALL CLOCK,1.0,2/24/11 12:00,8.5,14527.0,United Kingdom
538514,22835,HOT WATER BOTTLE I AM SO POORLY,6.0,12/12/10 14:27,4.65,15044.0,United Kingdom
538523,22910,PAPER CHAIN KIT VINTAGE CHRISTMAS,12.0,12/13/10 9:29,2.95,13198.0,United Kingdom
544790,21328,BALLOONS  WRITING SET ,3.0,2/23/11 12:27,1.65,16940.0,United Kingdom
537241,84032A,CHARLIE+LOLA PINK HOT WATER BOTTLE,6.0,12/6/10 10:18,2.95,14293.0,United Kingdom
541999,79321,CHILLI LIGHTS,1.0,1/25/11 10:45,9.96,,United Kingdom
541871,20975,12 PENCILS SMALL TUBE RED RETROSPOT,1.0,1/24/11 9:41,1.25,,United Kingdom
537204,20733,GOLD MINI TAPE MEASURE ,3.0,12/5/10 14:45,0.85,15555.0,United Kingdom
539464,22068,BLACK PIRATE TREASURE CHEST,4.0,12/19/10 11:35,1.65,17913.0,United Kingdom
540690,22222,CAKE PLATE LOVEBIRD WHITE,12.0,1/11/11 8:45,1.95,13473.0,United Kingdom
540473,22625,RED KITCHEN SCALES,1.0,1/7/11 14:31,8.5,17284.0,United Kingdom
542896,48129,DOORMAT TOPIARY,10.0,2/1/11 13:50,6.75,15981.0,United Kingdom
541263,22723,SET OF 6 HERB TINS SKETCHBOOK,4.0,1/16/11 16:10,3.95,16843.0,United Kingdom
540169,21630,FLOOR CUSHION ELEPHANT CARNIVAL,1.0,1/5/11 12:20,8.95,14527.0,United Kingdom
544464,21426,WOODLAND STORAGE BOX SMALL,2.0,2/20/11 14:38,2.1,17323.0,United Kingdom
540816,22907,PACK OF 20 NAPKINS PANTRY DESIGN,3.0,1/11/11 12:55,0.85,15518.0,United Kingdom
536592,85048,15CM CHRISTMAS GLASS BALL 20 LIGHTS,1.0,12/1/10 17:06,16.98,,United Kingdom
543132,22025,RING OF ROSES BIRTHDAY CARD,12.0,2/3/11 15:27,0.42,15235.0,United Kingdom
537434,21980,PACK OF 12 RED RETROSPOT TISSUES ,1.0,12/6/10 16:57,0.85,,United Kingdom
538182,17164B,ASS COL SMALL SAND GECKO P'WEIGHT,2.0,12/10/10 10:18,0.42,17827.0,United Kingdom
542412,21531,RED RETROSPOT SUGAR JAM BOWL,2.0,1/27/11 16:49,2.55,16725.0,United Kingdom
540997,51014L,"FEATHER PEN,LIGHT PINK",12.0,1/13/11 9:55,0.85,17368.0,United Kingdom
543256,22260,FELT EGG COSY BLUE RABBIT ,6.0,2/4/11 15:54,0.85,17293.0,United Kingdom
538532,84946,ANTIQUE SILVER TEA GLASS ETCHED,36.0,12/13/10 10:31,1.25,13209.0,United Kingdom
543021,21181,PLEASE ONE PERSON METAL SIGN,12.0,2/2/11 14:36,2.1,15421.0,United Kingdom
544921,21381,MINI WOODEN HAPPY BIRTHDAY GARLAND,12.0,2/24/11 16:35,1.69,17090.0,United Kingdom
542393,22835,HOT WATER BOTTLE I AM SO POORLY,1.0,1/27/11 15:02,4.65,18125.0,United Kingdom
536620,85049E,SCANDINAVIAN REDS RIBBONS,12.0,12/2/10 10:27,1.25,14135.0,United Kingdom
543484,21242,RED RETROSPOT PLATE ,8.0,2/9/11 10:11,1.69,12721.0,France
542994,22692,DOORMAT WELCOME TO OUR HOME,4.0,2/2/11 12:03,7.95,17230.0,United Kingdom
541596,84536B,FAIRY CAKES NOTEBOOK A7 SIZE,5.0,1/19/11 16:19,0.42,17602.0,United Kingdom
542898,20757,RED DAISY POCKET BOOK ,3.0,2/1/11 14:01,0.85,16110.0,United Kingdom
537823,84029E,RED WOOLLY HOTTIE WHITE HEART.,1.0,12/8/10 14:25,7.62,,United Kingdom
540681,21618,4 WILDFLOWER BOTANICAL CANDLES,1.0,1/10/11 16:25,2.51,,United Kingdom
536537,22183,CAKE STAND VICTORIAN FILIGREE MED,6.0,12/1/10 13:51,6.75,15922.0,United Kingdom
539250,22511,RETROSPOT BABUSHKA DOORSTOP,8.0,12/16/10 13:44,1.25,15157.0,United Kingdom
541590,21609,SET 12 LAVENDER  BOTANICAL T-LIGHTS,6.0,1/19/11 14:50,2.95,13310.0,United Kingdom
544278,22749,FELTCRAFT PRINCESS CHARLOTTE DOLL,4.0,2/17/11 12:01,3.75,15382.0,United Kingdom
541886,21523,DOORMAT FANCY FONT HOME SWEET HOME,2.0,1/24/11 11:21,7.95,15039.0,United Kingdom
539109,20733,GOLD MINI TAPE MEASURE ,300.0,12/16/10 11:07,0.72,16013.0,United Kingdom
540642,21429,RED GINGHAM ROSE JEWELLERY BOX,8.0,1/10/11 13:22,1.65,12681.0,France
544657,21216,"SET 3 RETROSPOT TEA,COFFEE,SUGAR",4.0,2/22/11 13:08,4.95,14895.0,United Kingdom
543610,23230,WRAP ALPHABET DESIGN,25.0,2/10/11 14:30,0.42,16425.0,United Kingdom
540248,22624,IVORY KITCHEN SCALES,1.0,1/5/11 15:57,8.5,15034.0,United Kingdom
537640,47559b,TEA TIME OVEN GLOVE,12.0,12/7/10 15:31,3.36,,United Kingdom
538652,22792,FLUTED ANTIQUE CANDLE HOLDER,12.0,12/13/10 15:12,0.85,17890.0,United Kingdom
541948,22967,SET 3 SONG BIRD PAPER EGGS ASSORTED,1.0,1/24/11 12:00,2.95,15820.0,United Kingdom
543126,85123A,WHITE HANGING HEART T-LIGHT HOLDER,6.0,2/3/11 14:41,2.95,13581.0,United Kingdom
543056,21232,STRAWBERRY CERAMIC TRINKET BOX,24.0,2/3/11 10:47,1.25,12471.0,Germany
541422,84968E,SET OF 16 VINTAGE BLACK CUTLERY,1.0,1/17/11 17:48,8.29,,United Kingdom
542390,22720,SET OF 3 CAKE TINS PANTRY DESIGN ,3.0,1/27/11 14:48,4.95,16814.0,United Kingdom
542430,22960,JAM MAKING SET WITH JARS,6.0,1/28/11 10:10,4.25,13552.0,United Kingdom
541244,82582,AREA PATROLLED METAL SIGN,1.0,1/16/11 12:35,2.1,15535.0,United Kingdom
C538350,82583,HOT BATHS METAL SIGN,-3.0,12/10/10 15:01,1.69,13798.0,United Kingdom
544445,21155,RED RETROSPOT PEG BAG,6.0,2/20/11 10:56,2.55,16746.0,United Kingdom
543555,21673,WHITE SPOT BLUE CERAMIC DRAWER KNOB,12.0,2/10/11 10:18,1.25,17686.0,United Kingdom
540848,21122,SET/10 PINK POLKADOT PARTY CANDLES,3.0,1/12/11 9:26,2.51,,United Kingdom
540458,21244,BLUE POLKADOT PLATE ,8.0,1/7/11 12:28,1.69,12501.0,Germany
540352,21195,PINK  HONEYCOMB PAPER BALL ,4.0,1/6/11 14:27,1.66,,United Kingdom
541256,21930,JUMBO STORAGE BAG SKULLS,10.0,1/16/11 14:36,1.95,13048.0,United Kingdom
544197,21621,VINTAGE UNION JACK BUNTING,8.0,2/17/11 9:52,8.5,12971.0,United Kingdom
542727,82600,NO SINGING METAL SIGN,1.0,1/31/11 15:09,2.1,17604.0,United Kingdom
538312,22601,CHRISTMAS RETROSPOT ANGEL WOOD,6.0,12/10/10 13:48,0.85,16727.0,United Kingdom
543815,22230,JIGSAW TREE WITH WATERING CAN,2.0,2/13/11 15:18,0.85,17255.0,United Kingdom
543114,22690,DOORMAT HOME SWEET HOME BLUE ,2.0,2/3/11 13:26,7.95,14156.0,EIRE
541530,21915,RED  HARMONICA IN BOX ,12.0,1/19/11 10:56,1.25,14769.0,United Kingdom
544158,21733,RED HANGING HEART T-LIGHT HOLDER,6.0,2/16/11 12:47,2.95,14944.0,United Kingdom
540255,22481,BLACK TEA TOWEL CLASSIC DESIGN,4.0,1/5/11 16:50,0.85,,United Kingdom
542006,21868,POTTING SHED TEA MUG,12.0,1/25/11 11:20,1.25,15218.0,United Kingdom
541511,35095A,BLUE VICTORIAN FABRIC OVAL BOX,1.0,1/18/11 16:45,0.42,17576.0,United Kingdom
539453,21365,MIRRORED WALL ART STARS,1.0,12/17/10 17:08,5.91,,United Kingdom
540644,22083,PAPER CHAIN KIT RETROSPOT,12.0,1/10/11 14:16,2.95,16303.0,United Kingdom
542080,21670,BLUE SPOT CERAMIC DRAWER KNOB,12.0,1/25/11 12:16,1.25,13815.0,Germany
539595,84031A,CHARLIE+LOLA RED HOT WATER BOTTLE ,1.0,12/20/10 13:43,4.21,,United Kingdom
537955,21472,LADYBIRD + BEE RAFFIA FOOD COVER,1.0,12/9/10 11:28,3.75,16782.0,United Kingdom
539451,22971,QUEENS GUARD COFFEE MUG,1.0,12/17/10 16:59,5.06,,United Kingdom
540409,22131,FOOD CONTAINER SET 3 LOVE HEART ,4.0,1/7/11 10:00,1.95,16019.0,United Kingdom
540646,22219,LOVEBIRD HANGING DECORATION WHITE ,1.0,1/10/11 14:32,1.66,,United Kingdom
538877,85099f,JUMBO BAG STRAWBERRY,1.0,12/14/10 15:29,5.06,,United Kingdom
537534,22473,TV DINNER TRAY VINTAGE PAISLEY,1.0,12/7/10 11:48,0.0,,United Kingdom
543737,21669,BLUE STRIPE CERAMIC DRAWER KNOB,12.0,2/11/11 12:45,1.25,12477.0,Germany
543530,84946,ANTIQUE SILVER TEA GLASS ETCHED,4.0,2/9/11 12:46,2.46,,United Kingdom
537468,22531,MAGIC DRAWING SLATE CIRCUS PARADE  ,24.0,12/7/10 10:36,0.42,12567.0,France
543467,21851,LILAC DIAMANTE PEN IN GIFT BOX,1.0,2/8/11 14:35,4.13,,United Kingdom
544462,22666,RECIPE BOX PANTRY YELLOW DESIGN,2.0,2/20/11 14:21,2.95,17050.0,United Kingdom
537369,20752,BLUE POLKADOT WASHING UP GLOVES,1.0,12/6/10 12:41,2.1,17860.0,United Kingdom
539325,22061,LARGE CAKE STAND  HANGING STRAWBERY,2.0,12/17/10 8:20,9.95,13004.0,United Kingdom
541878,22196,SMALL HEART MEASURING SPOONS,1.0,1/24/11 10:28,1.63,,United Kingdom
537237,22151,PLACE SETTING WHITE HEART,4.0,12/6/10 9:58,1.66,,United Kingdom
540179,21874,GIN AND TONIC MUG,6.0,1/5/11 12:54,1.25,16033.0,United Kingdom
536544,21811,CHRISTMAS HANGING HEART WITH BELL,1.0,12/1/10 14:32,2.51,,United Kingdom
537415,22840,ROUND CAKE TIN VINTAGE RED,4.0,12/6/10 15:09,7.95,16654.0,United Kingdom
540352,22834,HAND WARMER BABUSHKA DESIGN,7.0,1/6/11 14:27,1.66,,United Kingdom
544657,21527,RED RETROSPOT TRADITIONAL TEAPOT ,6.0,2/22/11 13:08,7.95,14895.0,United Kingdom
543812,85049E,SCANDINAVIAN REDS RIBBONS,1.0,2/13/11 14:40,1.25,17472.0,United Kingdom
544167,22173,METAL 4 HOOK HANGER FRENCH CHATEAU,8.0,2/16/11 13:14,2.95,14755.0,United Kingdom
537789,21877,HOME SWEET HOME MUG,12.0,12/8/10 12:49,1.25,14051.0,United Kingdom
538566,22395,PAPERWEIGHT VINTAGE PAISLEY,1.0,12/13/10 11:21,5.06,,United Kingdom
539118,22747,POPPY'S PLAYHOUSE BATHROOM,3.0,12/16/10 11:27,2.1,15563.0,United Kingdom
540646,20615,BLUE POLKADOT PASSPORT COVER,3.0,1/10/11 14:32,1.66,,United Kingdom
541971,85186C,BUNNY EGG GARLAND,1.0,1/24/11 13:48,0.83,,United Kingdom
543909,85150,LADIES & GENTLEMEN METAL SIGN,1.0,2/14/11 12:32,4.96,,United Kingdom
543458,22639,SET OF 4 NAPKIN CHARMS HEARTS,2.0,2/8/11 13:28,2.55,14587.0,United Kingdom
538183,22738,RIBBON REEL SNOWY VILLAGE,10.0,12/10/10 10:21,1.65,16265.0,United Kingdom
C542346,85232B,SET OF 3 BABUSHKA STACKING TINS,-5.0,1/27/11 12:00,4.25,12709.0,Germany
541873,22493,PAINT YOUR OWN CANVAS SET,12.0,1/24/11 9:52,1.65,14368.0,United Kingdom
539434,21232,STRAWBERRY CERAMIC TRINKET BOX,11.0,12/17/10 14:41,2.51,,United Kingdom
538200,21034,REX CASH+CARRY JUMBO SHOPPER,1.0,12/10/10 11:11,0.95,17912.0,United Kingdom
542673,22721,SET OF 3 CAKE TINS SKETCHBOOK,1.0,1/31/11 12:18,4.95,14527.0,United Kingdom
541999,21931,JUMBO STORAGE BAG SUKI,1.0,1/25/11 10:45,4.13,,United Kingdom
541282,22671,FRENCH LAUNDRY SIGN BLUE METAL,2.0,1/17/11 12:31,1.65,17690.0,United Kingdom
540977,90118,PINK DAISY BAG CHARM,3.0,1/12/11 15:01,2.51,,United Kingdom
540516,22147,FELTCRAFT BUTTERFLY HEARTS,2.0,1/9/11 12:01,1.45,16326.0,United Kingdom
539324,21284,RETROSPOT CANDLE  SMALL,1.0,12/16/10 19:51,1.69,14985.0,United Kingdom
539737,21832,CHOCOLATE CALCULATOR,2.0,12/21/10 15:19,3.36,,United Kingdom
543097,21928,JUMBO BAG SCANDINAVIAN PAISLEY,1.0,2/3/11 11:41,4.13,,United Kingdom
539958,21891,TRADITIONAL WOODEN SKIPPING ROPE,2.0,12/23/10 13:26,2.51,,United Kingdom
543370,22960,JAM MAKING SET WITH JARS,6.0,2/7/11 14:51,4.25,12359.0,Cyprus
543978,20719,WOODLAND CHARLOTTE BAG,6.0,2/14/11 15:37,0.85,12867.0,United Kingdom
540995,22110,BIRD HOUSE HOT WATER BOTTLE,2.0,1/13/11 9:30,3.29,,United Kingdom
542121,22680,FRENCH BLUE METAL DOOR SIGN 5,6.0,1/25/11 14:33,1.25,17515.0,United Kingdom
544205,20712,JUMBO BAG WOODLAND ANIMALS,2.0,2/17/11 10:31,4.13,,United Kingdom
537666,21033,JUMBO BAG CHARLIE AND LOLA TOYS,1.0,12/7/10 18:36,5.91,,United Kingdom
538071,21915,RED  HARMONICA IN BOX ,2.0,12/9/10 14:09,2.51,,United Kingdom
545018,22906,12 MESSAGE CARDS WITH ENVELOPES,24.0,2/25/11 13:53,1.65,14481.0,United Kingdom
537050,11001,ASSTD DESIGN RACING CAR PEN,16.0,12/5/10 11:10,1.69,14800.0,United Kingdom
540995,20735,BLACK MINI TAPE MEASURE ,4.0,1/13/11 9:30,0.83,,United Kingdom
541258,21485,RETROSPOT HEART HOT WATER BOTTLE,2.0,1/16/11 15:30,4.95,13634.0,United Kingdom
540162,21749,LARGE RED RETROSPOT WINDMILL,6.0,1/5/11 11:52,2.1,13089.0,United Kingdom
540703,17021,NAMASTE SWAGAT INCENSE,600.0,1/11/11 9:58,0.24,14135.0,United Kingdom
541593,85169A,IVORY LOVE BIRD CANDLE,2.0,1/19/11 15:20,1.25,17611.0,United Kingdom
538153,22629,SPACEBOY LUNCH BOX ,2.0,12/9/10 16:31,2.51,,United Kingdom
538351,21673,WHITE SPOT BLUE CERAMIC DRAWER KNOB,1.0,12/10/10 15:17,3.36,,United Kingdom
541783,21669,BLUE STRIPE CERAMIC DRAWER KNOB,12.0,1/21/11 11:55,1.25,16618.0,United Kingdom
537692,22931,BAKING MOULD HEART WHITE CHOCOLATE,1.0,12/8/10 10:40,2.55,14796.0,United Kingdom
536544,90116,FRUIT SALAD BAG CHARM,1.0,12/1/10 14:32,2.51,,United Kingdom
536973,21258,VICTORIAN SEWING BOX LARGE,2.0,12/3/10 13:43,12.75,17787.0,United Kingdom
539453,22573,STAR WOODEN CHRISTMAS DECORATION,7.0,12/17/10 17:08,1.66,,United Kingdom
537743,22800,ANTIQUE TALL SWIRLGLASS TRINKET POT,4.0,12/8/10 11:02,3.75,17706.0,United Kingdom
542887,POST,POSTAGE,1.0,2/1/11 13:10,40.0,12373.0,Austria
537144,22866,HAND WARMER SCOTTY DOG DESIGN,1.0,12/5/10 13:00,2.1,15880.0,United Kingdom
539595,22814,CARD PARTY GAMES ,1.0,12/20/10 13:43,0.85,,United Kingdom
538071,21015,DARK BIRD HOUSE TREE DECORATION,3.0,12/9/10 14:09,1.28,,United Kingdom
542997,22410,MONEY BOX HOUSEKEEPING DESIGN,1.0,2/2/11 12:16,2.46,,United Kingdom
539081,22895,SET OF 2 TEA TOWELS APPLE AND PEARS,1.0,12/16/10 9:07,2.95,,United Kingdom
537126,22147,FELTCRAFT BUTTERFLY HEARTS,2.0,12/5/10 12:13,1.45,18118.0,United Kingdom
538510,48173C,DOORMAT BLACK FLOCK ,1.0,12/12/10 13:47,7.95,18004.0,United Kingdom
541289,20679,EDWARDIAN PARASOL RED,1.0,1/17/11 13:23,5.95,14606.0,United Kingdom
539451,21155,RED RETROSPOT PEG BAG,1.0,12/17/10 16:59,4.21,,United Kingdom
540025,21632,VINTAGE PINK DECORATIVE PARASOL,12.0,1/4/11 13:22,3.95,17428.0,United Kingdom
538177,22811,SET OF 6 T-LIGHTS CACTI ,2.0,12/10/10 9:51,5.91,,United Kingdom
544206,22774,RED DRAWER KNOB ACRYLIC EDWARDIAN,6.0,2/17/11 10:33,2.46,,United Kingdom
544776,20724,RED RETROSPOT CHARLOTTE BAG,29.0,2/23/11 11:39,2.46,,United Kingdom
537051,20936,FORKED CACTUS CANDLE,6.0,12/5/10 11:12,2.95,15708.0,United Kingdom
543546,22456,NATURAL SLATE CHALKBOARD LARGE ,1.0,2/9/11 16:52,9.96,,United Kingdom
538349,90120C,GREEN MURANO TWIST BRACELET,1.0,12/10/10 14:59,4.24,,United Kingdom
544450,22605,WOODEN CROQUET GARDEN SET,4.0,2/20/11 12:23,12.75,17811.0,United Kingdom
537434,22845,VINTAGE CREAM CAT FOOD CONTAINER,4.0,12/6/10 16:57,12.72,,United Kingdom
541685,22351,Given away,-1400.0,1/20/11 15:41,0.0,,United Kingdom
543467,21992,VINTAGE PAISLEY STATIONERY SET,1.0,2/8/11 14:35,2.46,,United Kingdom
537640,22835,HOT WATER BOTTLE I AM SO POORLY,11.0,12/7/10 15:31,11.02,,United Kingdom
541289,21415,CLAM SHELL SMALL ,2.0,1/17/11 13:23,2.1,14606.0,United Kingdom
541695,21829,DINOSAUR KEYRINGS ASSORTED,1.0,1/20/11 18:01,0.42,,United Kingdom
537434,22557,PLASTERS IN TIN VINTAGE PAISLEY ,2.0,12/6/10 16:57,3.36,,United Kingdom
537240,20682,RED RETROSPOT CHILDRENS UMBRELLA,3.0,12/6/10 10:08,6.77,,United Kingdom
537638,21790,VINTAGE SNAP CARDS,4.0,12/7/10 15:28,1.66,,United Kingdom
542998,84347,ROTATING SILVER ANGELS T-LIGHT HLDR,2.0,2/2/11 12:16,5.79,,United Kingdom
543660,51014C,"FEATHER PEN,COAL BLACK",1.0,2/11/11 10:40,1.63,,United Kingdom
540821,22026,BANQUET BIRTHDAY  CARD  ,1.0,1/11/11 13:16,0.85,,United Kingdom
541842,21891,TRADITIONAL WOODEN SKIPPING ROPE,3.0,1/23/11 12:07,1.25,16085.0,United Kingdom
540551,22295,HEART FILIGREE DOVE LARGE,1.0,1/10/11 9:43,3.36,,United Kingdom
536528,22568,FELTCRAFT CUSHION OWL,3.0,12/1/10 13:17,3.75,15525.0,United Kingdom
536865,22422,TOOTHPASTE TUBE PEN,1.0,12/3/10 11:28,1.28,,United Kingdom
544909,85159A,"BLACK TEA,COFFEE,SUGAR JARS",24.0,2/24/11 14:32,1.25,14298.0,United Kingdom
537643,79067,CORONA MEXICAN TRAY,1.0,12/7/10 15:34,7.62,,United Kingdom
537459,22227,HANGING HEART MIRROR DECORATION ,24.0,12/7/10 9:57,0.65,17470.0,United Kingdom
536742,22470,HEART OF WICKER LARGE,1.0,12/2/10 13:14,2.95,16916.0,United Kingdom
539451,22572,ROCKING HORSE GREEN CHRISTMAS ,4.0,12/17/10 16:59,1.66,,United Kingdom
539484,21479,WHITE SKULL HOT WATER BOTTLE ,4.0,12/19/10 15:44,3.75,15640.0,United Kingdom
543399,85194L,HANGING SPRING FLOWER EGG LARGE,2.0,2/8/11 11:07,1.63,,United Kingdom
537236,22468,BABUSHKA LIGHTS STRING OF 10,2.0,12/6/10 9:52,6.75,16858.0,United Kingdom
538148,22364,GLASS JAR DIGESTIVE BISCUITS,1.0,12/9/10 16:26,5.91,,United Kingdom
544646,22900, SET 2 TEA TOWELS I LOVE LONDON ,2.0,2/22/11 12:06,2.95,17075.0,United Kingdom
539957,22851,SET 20 NAPKINS FAIRY CAKES DESIGN ,12.0,12/23/10 12:58,0.85,12585.0,Germany
538630,21928,JUMBO BAG SCANDINAVIAN PAISLEY,10.0,12/13/10 13:25,1.95,14565.0,United Kingdom
539954,21864,UNION JACK FLAG PASSPORT COVER ,30.0,12/23/10 12:04,1.69,13777.0,United Kingdom
544294,21672,WHITE SPOT RED CERAMIC DRAWER KNOB,12.0,2/17/11 12:42,1.25,15601.0,United Kingdom
538349,22269,EGG CUP NATURAL CHICKEN,1.0,12/10/10 14:59,2.51,,United Kingdom
538379,22916,HERB MARKER THYME,1.0,12/12/10 11:26,0.65,17126.0,United Kingdom
540170,22730,ALARM CLOCK BAKELIKE IVORY,8.0,1/5/11 12:21,3.75,13767.0,United Kingdom
540183,21175,GIN + TONIC DIET METAL SIGN,24.0,1/5/11 13:37,2.1,15093.0,United Kingdom
541269,22504,CABIN BAG VINTAGE RETROSPOT,3.0,1/17/11 11:01,12.75,12626.0,Germany
536846,22646,CERAMIC STRAWBERRY CAKE MONEY BANK,1.0,12/2/10 19:59,1.45,14573.0,United Kingdom
537400,22095,LADS ONLY TISSUE BOX,4.0,12/6/10 14:36,1.25,17191.0,United Kingdom
540268,21563,RED HEART SHAPE LOVE BUCKET ,6.0,1/6/11 11:25,2.95,13458.0,United Kingdom
536863,22383,LUNCH BAG SUKI  DESIGN ,1.0,12/3/10 11:19,1.65,17967.0,United Kingdom
543111,21155,RED RETROSPOT PEG BAG,1.0,2/3/11 12:44,2.55,15719.0,United Kingdom
538533,22059,CERAMIC STRAWBERRY DESIGN MUG,9.0,12/13/10 10:31,1.49,14796.0,United Kingdom
538177,22379,RECYCLING BAG RETROSPOT ,5.0,12/10/10 9:51,4.21,,United Kingdom
541497,70007,HI TEC ALPINE HAND WARMER,1.0,1/18/11 15:19,1.63,,United Kingdom
544833,22412,METAL SIGN NEIGHBOURHOOD WITCH ,12.0,2/24/11 10:10,2.1,15974.0,United Kingdom
544399,POST,POSTAGE,1.0,2/18/11 12:28,28.0,12594.0,Italy
540098,21216,"SET 3 RETROSPOT TEA,COFFEE,SUGAR",1.0,1/4/11 15:50,4.95,16241.0,United Kingdom
543978,22383,LUNCH BAG SUKI  DESIGN ,3.0,2/14/11 15:37,1.65,12867.0,United Kingdom
539453,20867,PINK ROSE FABRIC MIRROR,1.0,12/17/10 17:08,2.51,,United Kingdom
539978,17012C,ORIGAMI LAVENDER INCENSE/CANDL SET ,96.0,12/23/10 14:06,0.85,13165.0,United Kingdom
543592,22311,OFFICE MUG WARMER BLACK+SILVER ,8.0,2/10/11 11:57,2.95,17243.0,United Kingdom
545023,84997B,CHILDRENS CUTLERY RETROSPOT RED ,6.0,2/25/11 14:25,4.15,12921.0,United Kingdom
540154,22133,PINK LOVE HEART SHAPE CUP,2.0,1/5/11 11:30,1.66,,United Kingdom
541489,22469,HEART OF WICKER SMALL,12.0,1/18/11 13:38,1.65,15023.0,United Kingdom
538313,22728,ALARM CLOCK BAKELIKE PINK,3.0,12/10/10 13:50,3.75,15514.0,United Kingdom
541827,84748,FOLK FELT HANGING MULTICOL GARLAND,9.0,1/21/11 17:05,2.46,,United Kingdom
538353,21181,PLEASE ONE PERSON METAL SIGN,96.0,12/10/10 15:31,1.85,13798.0,United Kingdom
538071,84828,JUNGLE POPSICLES ICE LOLLY HOLDERS,2.0,12/9/10 14:09,2.51,,United Kingdom
543021,22411,JUMBO SHOPPER VINTAGE RED PAISLEY,10.0,2/2/11 14:36,1.95,15421.0,United Kingdom
538419,21380,WOODEN HAPPY BIRTHDAY GARLAND,1.0,12/12/10 12:01,2.95,16367.0,United Kingdom
539985,84050,PINK HEART SHAPE EGG FRYING PAN,72.0,12/23/10 15:16,1.25,15856.0,United Kingdom
542390,22191,IVORY DINER WALL CLOCK,5.0,1/27/11 14:48,8.5,16814.0,United Kingdom
541695,21221,SET/4 BADGES CUTE CREATURES,1.0,1/20/11 18:01,0.83,,United Kingdom
537823,21810,CHRISTMAS HANGING STAR WITH BELL,1.0,12/8/10 14:25,2.51,,United Kingdom
542109,22367,CHILDRENS APRON SPACEBOY DESIGN,1.0,1/25/11 13:44,4.96,,United Kingdom
541362,21519,GIN & TONIC DIET GREETING CARD ,12.0,1/17/11 14:49,0.42,17730.0,United Kingdom
541593,22789,T-LIGHT HOLDER SWEETHEART HANGING,4.0,1/19/11 15:20,1.95,17611.0,United Kingdom
541984,21132,SILVER STANDING GNOME   ,4.0,1/24/11 15:48,4.25,13117.0,United Kingdom
538566,72351B,SET/6 PINK  BUTTERFLY T-LIGHTS,2.0,12/13/10 11:21,4.21,,United Kingdom
542107,82600,NO SINGING METAL SIGN,6.0,1/25/11 13:38,2.1,16222.0,United Kingdom
537434,16225,RATTLE SNAKE EGGS,3.0,12/6/10 16:57,3.36,,United Kingdom
540834,21531,RED RETROSPOT SUGAR JAM BOWL,3.0,1/11/11 14:50,2.55,14733.0,United Kingdom
539447,22629,SPACEBOY LUNCH BOX ,12.0,12/17/10 16:00,1.95,12395.0,Belgium
543915,20718,RED RETROSPOT SHOPPER BAG,10.0,2/14/11 13:21,1.25,13717.0,United Kingdom
543355,21662,VINTAGE GLASS COFFEE CADDY,2.0,2/7/11 13:50,5.95,16033.0,United Kingdom
536947,20983,12 PENCILS TALL TUBE RED RETROSPOT,12.0,12/3/10 12:29,0.85,13013.0,United Kingdom
C544580,S,SAMPLES,-1.0,2/21/11 14:25,5.44,,United Kingdom
537666,21328,BALLOONS  WRITING SET ,1.0,12/7/10 18:36,3.36,,United Kingdom
541421,40001,WHITE BAMBOO RIBS LAMPSHADE,1.0,1/17/11 17:44,1.63,,United Kingdom
537861,22111,SCOTTIE DOG HOT WATER BOTTLE,3.0,12/8/10 16:18,4.95,16596.0,United Kingdom
539595,22714,CARD BIRTHDAY COWBOY,1.0,12/20/10 13:43,0.85,,United Kingdom
542784,84795C,,3.0,2/1/11 10:04,0.0,,United Kingdom
538524,21354,TOAST ITS - BEST MUM,2.0,12/13/10 9:35,2.51,,United Kingdom
538527,84949,SILVER HANGING T-LIGHT HOLDER,24.0,12/13/10 9:52,1.65,15361.0,United Kingdom
540418,22196,SMALL HEART MEASURING SPOONS,1.0,1/7/11 11:04,1.66,,United Kingdom
541848,22550,HOLIDAY FUN LUDO,1.0,1/23/11 13:31,3.75,17611.0,United Kingdom
540014,21628,TRIANGULAR POUFFE VINTAGE ,1.0,1/4/11 11:34,14.95,14606.0,United Kingdom
543371,85036A,GARDENIA 1 WICK MORRIS BOXED CANDLE,1.0,2/7/11 14:53,4.25,14048.0,United Kingdom
537390,40005B,BLUE ORGANDY ROUND LAMPSHADE W BEA,1.0,12/6/10 13:47,0.85,16658.0,United Kingdom
541424,22201,FRYING PAN BLUE POLKADOT,1.0,1/17/11 17:57,3.29,,United Kingdom
540023,22423,REGENCY CAKESTAND 3 TIER,3.0,1/4/11 12:58,12.75,15039.0,United Kingdom
543989,22333,RETROSPOT PARTY BAG + STICKER SET,192.0,2/15/11 9:52,1.45,12415.0,Australia
541700,22512,DOORSTOP RACING CAR DESIGN,8.0,1/21/11 9:06,1.25,15174.0,United Kingdom
536592,20974,12 PENCILS SMALL TUBE SKULL,12.0,12/1/10 17:06,1.28,,United Kingdom
540639,22629,SPACEBOY LUNCH BOX ,24.0,1/10/11 12:28,1.95,13107.0,United Kingdom
538067,21791,VINTAGE HEADS AND TAILS CARD GAME ,1.0,12/9/10 13:59,1.25,15288.0,United Kingdom
C543780,22712,CARD DOLLY GIRL ,-1.0,2/11/11 16:34,0.42,17334.0,United Kingdom
540976,22970,LONDON BUS COFFEE MUG,6.0,1/12/11 15:00,2.55,12652.0,France
539736,48116,DOORMAT MULTICOLOUR STRIPE,1.0,12/21/10 15:18,14.43,,United Kingdom
542241,21868,POTTING SHED TEA MUG,2.0,1/26/11 14:51,1.25,16409.0,United Kingdom
540768,22955,36 FOIL STAR CAKE CASES ,48.0,1/11/11 10:38,1.85,17428.0,United Kingdom
538437,22804,CANDLEHOLDER PINK HANGING HEART,2.0,12/12/10 12:18,2.95,16010.0,United Kingdom
541962,22627,MINT KITCHEN SCALES,2.0,1/24/11 12:58,8.5,12693.0,Germany
539436,21935,SUKI  SHOULDER BAG,2.0,12/17/10 14:49,3.36,,United Kingdom
544803,22896,PEG BAG APPLES DESIGN,1.0,2/23/11 14:29,2.55,14606.0,United Kingdom
544406,21469,POLKA DOT RAFFIA FOOD COVER,1.0,2/18/11 13:26,3.75,16726.0,United Kingdom
536832,85066,CREAM SWEETHEART MINI CHEST,2.0,12/2/10 17:41,12.75,16634.0,United Kingdom
541207,22326,ROUND SNACK BOXES SET OF4 WOODLAND ,12.0,1/14/11 12:27,2.95,17685.0,United Kingdom
536592,22977,DOLLY GIRL CHILDRENS EGG CUP,1.0,12/1/10 17:06,2.51,,United Kingdom
537128,22573,STAR WOODEN CHRISTMAS DECORATION,20.0,12/5/10 12:15,0.85,12841.0,United Kingdom
543096,21181,PLEASE ONE PERSON METAL SIGN,1.0,2/3/11 11:39,2.1,14044.0,United Kingdom
544824,84380,SET OF 3 BUTTERFLY COOKIE CUTTERS,12.0,2/24/11 9:32,1.25,17139.0,United Kingdom
540856,84988,SET OF 72 PINK HEART PAPER DOILIES,12.0,1/12/11 10:16,1.45,16655.0,United Kingdom
536592,22501,PICNIC BASKET WICKER LARGE,2.0,12/1/10 17:06,21.23,,United Kingdom
540022,22423,REGENCY CAKESTAND 3 TIER,16.0,1/4/11 12:57,10.95,17188.0,United Kingdom
544075,22839,3 TIER CAKE TIN GREEN AND CREAM,16.0,2/15/11 14:50,12.75,14156.0,EIRE
539955,84030e,ENGLISH ROSE HOT WATER BOTTLE,4.0,12/23/10 12:13,5.91,,United Kingdom
540023,22670,FRENCH WC SIGN BLUE METAL,1.0,1/4/11 12:58,1.25,15039.0,United Kingdom
540364,22722,SET OF 6 SPICE TINS PANTRY DESIGN,8.0,1/6/11 16:03,3.95,14505.0,United Kingdom
537237,22271,FELTCRAFT DOLL ROSIE,1.0,12/6/10 9:58,5.91,,United Kingdom
541424,21931,JUMBO STORAGE BAG SUKI,1.0,1/17/11 17:57,4.13,,United Kingdom
541287,22659,LUNCH BOX I LOVE LONDON,64.0,1/17/11 13:09,1.65,14101.0,United Kingdom
540848,22424,ENAMEL BREAD BIN CREAM,1.0,1/12/11 9:26,25.49,,United Kingdom
539446,22113,GREY HEART HOT WATER BOTTLE,12.0,12/17/10 15:58,3.75,12705.0,Germany
539434,16237,SLEEPING CAT ERASERS,1.0,12/17/10 14:41,0.43,,United Kingdom
537208,90082B,DIAMANTE BOW BROOCH RED COLOUR,1.0,12/5/10 15:12,6.35,15889.0,United Kingdom
539761,22611,VINTAGE UNION JACK SHOPPING BAG,6.0,12/22/10 10:29,4.95,17593.0,United Kingdom
544304,22413,METAL SIGN TAKE IT OR LEAVE IT ,2.0,2/17/11 13:47,2.95,18125.0,United Kingdom
541371,22261,FELT EGG COSY WHITE RABBIT ,6.0,1/17/11 14:51,0.85,13983.0,United Kingdom
544637,22244,3 HOOK HANGER MAGIC GARDEN,12.0,2/22/11 11:20,1.95,16546.0,United Kingdom
538149,22386,JUMBO BAG PINK POLKADOT,1.0,12/9/10 16:27,5.06,,United Kingdom
539595,90019A,SILVER M.O.P ORBIT BRACELET,1.0,12/20/10 13:43,5.51,,United Kingdom
541093,POST,POSTAGE,5.0,1/13/11 13:21,18.0,12471.0,Germany
542541,21906,PHARMACIE FIRST AID TIN,1.0,1/28/11 14:25,13.29,,United Kingdom
537365,20713,JUMBO BAG OWLS,10.0,12/6/10 12:38,1.95,15078.0,United Kingdom
538349,90129B,TURQUOISE GLASS TASSLE BAG CHARM ,2.0,12/10/10 14:59,1.66,,United Kingdom
538177,72800E,4 IVORY DINNER CANDLES SILVER FLOCK,3.0,12/10/10 9:51,3.36,,United Kingdom
541844,22834,HAND WARMER BABUSHKA DESIGN,2.0,1/23/11 12:19,2.1,16931.0,United Kingdom
539099,48184,DOORMAT ENGLISH ROSE ,2.0,12/16/10 10:30,7.95,16670.0,United Kingdom
542578,22925,BLUE GIANT GARDEN THERMOMETER,2.0,1/28/11 14:57,5.95,13709.0,United Kingdom
540093,22072,RED RETROSPOT TEA CUP AND SAUCER ,1.0,1/4/11 15:24,3.75,16725.0,United Kingdom
537823,22355,CHARLOTTE BAG SUKI DESIGN,3.0,12/8/10 14:25,1.66,,United Kingdom
539957,22805,BLUE DRAWER KNOB ACRYLIC EDWARDIAN,12.0,12/23/10 12:58,1.25,12585.0,Germany
541965,21508,VINTAGE KID DOLLY CARD ,12.0,1/24/11 13:27,0.42,12625.0,Germany
543812,22457,NATURAL SLATE HEART CHALKBOARD ,3.0,2/13/11 14:40,2.95,17472.0,United Kingdom
537030,22565,FELTCRAFT HAIRBANDS PINK AND WHITE ,12.0,12/3/10 16:44,0.85,16455.0,United Kingdom
538168,22731,3D CHRISTMAS STAMPS STICKERS ,9.0,12/9/10 19:23,1.25,14702.0,United Kingdom
537208,21098,CHRISTMAS TOILET ROLL,1.0,12/5/10 15:12,1.25,15889.0,United Kingdom
541596,85123A,WHITE HANGING HEART T-LIGHT HOLDER,5.0,1/19/11 16:19,2.95,17602.0,United Kingdom
539760,21054,NURSE'S BAG SOFT TOY,2.0,12/21/10 17:16,8.95,17400.0,United Kingdom
544181,22595,GINGHAM HEART DECORATION,12.0,2/16/11 14:56,0.85,17175.0,United Kingdom
538177,22444,GROW YOUR OWN PLANT IN A CAN ,3.0,12/10/10 9:51,1.25,,United Kingdom
537828,85123A,WHITE HANGING HEART T-LIGHT HOLDER,12.0,12/8/10 14:43,2.95,15680.0,United Kingdom
537688,21175,GIN + TONIC DIET METAL SIGN,24.0,12/8/10 10:35,2.1,17406.0,United Kingdom
539593,22457,NATURAL SLATE HEART CHALKBOARD ,12.0,12/20/10 13:31,2.95,13319.0,United Kingdom
536592,22207,FRYING PAN UNION FLAG,1.0,12/1/10 17:06,8.47,,United Kingdom
539609,85185B,PINK HORSE SOCK PUPPET,1.0,12/20/10 14:15,2.95,15527.0,United Kingdom
544103,20675,BLUE POLKADOT BOWL,2.0,2/16/11 10:33,1.25,17961.0,United Kingdom
538130,90042C,,10.0,12/9/10 15:55,0.0,,United Kingdom
541695,21030,SPACE CADET RED,1.0,1/20/11 18:01,0.83,,United Kingdom
538566,22110,BIRD HOUSE HOT WATER BOTTLE,1.0,12/13/10 11:21,7.62,,United Kingdom
544928,20978,36 PENCILS TUBE SKULLS,1.0,2/24/11 18:07,2.46,,United Kingdom
537434,85078,SCANDINAVIAN 3 HEARTS NAPKIN RING,2.0,12/6/10 16:57,5.91,,United Kingdom
538248,84968C,SET OF 16 VINTAGE PISTACHIO CUTLERY,1.0,12/10/10 12:14,12.75,18116.0,United Kingdom
542422,48138,DOORMAT UNION FLAG,1.0,1/27/11 19:33,7.95,14702.0,United Kingdom
544181,22089,PAPER BUNTING VINTAGE PAISLEY,6.0,2/16/11 14:56,2.95,17175.0,United Kingdom
543446,22840,ROUND CAKE TIN VINTAGE RED,2.0,2/8/11 12:01,7.95,15827.0,United Kingdom
537395,20975,12 PENCILS SMALL TUBE RED RETROSPOT,2.0,12/6/10 14:05,0.65,15356.0,United Kingdom
542625,84988,SET OF 72 PINK HEART PAPER DOILIES,2.0,1/31/11 9:50,3.75,,United Kingdom
544599,22971,QUEENS GUARD COFFEE MUG,1.0,2/21/11 18:15,4.96,,United Kingdom
537823,22155,STAR DECORATION RUSTIC,10.0,12/8/10 14:25,0.85,,United Kingdom
544454,22084,PAPER CHAIN KIT EMPIRE,4.0,2/20/11 13:13,2.95,13301.0,United Kingdom
536415,22557,PLASTERS IN TIN VINTAGE PAISLEY ,3.0,12/1/10 11:57,1.65,12838.0,United Kingdom
539750,20677,PINK POLKADOT BOWL,1.0,12/21/10 15:40,3.36,,United Kingdom
543108,21067,VINTAGE RED TEATIME MUG,6.0,2/3/11 12:37,1.25,14085.0,United Kingdom
C538531,21430,SET/3 RED GINGHAM ROSE STORAGE BOX,-2.0,12/13/10 10:31,3.75,13715.0,United Kingdom
544887,21721,CANDY SHOP  STICKER SHEET,4.0,2/24/11 11:54,0.85,17364.0,United Kingdom
540995,47585A,PINK FAIRY CAKE CUSHION COVER,3.0,1/13/11 9:30,4.13,,United Kingdom
543990,22457,NATURAL SLATE HEART CHALKBOARD ,6.0,2/15/11 9:59,2.95,15122.0,United Kingdom
536839,84879,ASSORTED COLOUR BIRD ORNAMENT,96.0,12/2/10 18:25,1.69,15093.0,United Kingdom
544667,85206A,CREAM FELT EASTER EGG BASKET,54.0,2/22/11 15:09,1.45,17511.0,United Kingdom
541969,82484,WOOD BLACK BOARD ANT WHITE FINISH,2.0,1/24/11 13:46,13.29,,United Kingdom
538524,84997C,BLUE 3 PIECE POLKADOT CUTLERY SET,2.0,12/13/10 9:35,7.62,,United Kingdom
544044,85014B,RED RETROSPOT UMBRELLA,2.0,2/15/11 12:05,5.95,14659.0,United Kingdom
537199,21126,SET OF 6 GIRLS CELEBRATION CANDLES,1.0,12/5/10 14:06,1.25,15894.0,United Kingdom
544931,21328,BALLOONS  WRITING SET ,24.0,2/24/11 18:59,1.65,13501.0,Switzerland
540821,84828,JUNGLE POPSICLES ICE LOLLY HOLDERS,1.0,1/11/11 13:16,2.51,,United Kingdom
537346,84879,ASSORTED COLOUR BIRD ORNAMENT,24.0,12/6/10 12:21,1.69,15301.0,United Kingdom
541827,22930,BAKING MOULD HEART MILK CHOCOLATE,1.0,1/21/11 17:05,4.96,,United Kingdom
541496,21832,CHOCOLATE CALCULATOR,1.0,1/18/11 15:00,3.29,,United Kingdom
542107,22723,SET OF 6 HERB TINS SKETCHBOOK,1.0,1/25/11 13:38,3.95,16222.0,United Kingdom
C537860,20897,VINTAGE NOTEBOOK PARIS DAYS,-6.0,12/8/10 16:15,2.95,16252.0,United Kingdom
543803,85017B,ENVELOPE 50 BLOSSOM IMAGES,2.0,2/13/11 12:05,0.85,17126.0,United Kingdom
542238,22364,GLASS JAR DIGESTIVE BISCUITS,6.0,1/26/11 14:35,2.95,12591.0,Italy
536409,22972,CHILDREN'S SPACEBOY MUG,1.0,12/1/10 11:45,1.65,17908.0,United Kingdom
543355,22646,CERAMIC STRAWBERRY CAKE MONEY BANK,4.0,2/7/11 13:50,1.45,16033.0,United Kingdom
537434,22609,PENS ASSORTED SPACEBALL,1.0,12/6/10 16:57,1.66,,United Kingdom
537389,21528,DAIRY MAID TRADITIONAL TEAPOT ,1.0,12/6/10 13:41,6.95,17757.0,United Kingdom
536544,22174,PHOTO CUBE,2.0,12/1/10 14:32,3.36,,United Kingdom
540826,22886,NUMBER TILE VINTAGE FONT 7,12.0,1/11/11 14:00,0.42,13102.0,United Kingdom
537484,22470,HEART OF WICKER LARGE,40.0,12/7/10 11:30,2.55,14733.0,United Kingdom
C543786,22191,IVORY DINER WALL CLOCK,-1.0,2/11/11 17:01,8.5,13078.0,United Kingdom
542607,22777,GLASS CLOCHE LARGE,1.0,1/30/11 13:48,8.5,13148.0,United Kingdom
543200,85099C,JUMBO  BAG BAROQUE BLACK WHITE,1.0,2/4/11 13:03,4.13,,United Kingdom
541370,22956,36 FOIL HEART CAKE CASES,6.0,1/17/11 14:51,2.1,18179.0,United Kingdom
541809,85123a,WHITE HANGING HEART T-LIGHT HOLDER,1.0,1/21/11 14:58,6.63,,United Kingdom
539444,22074,6 RIBBONS SHIMMERING PINKS ,12.0,12/17/10 15:52,1.65,14146.0,United Kingdom
539435,20750,RED RETROSPOT MINI CASES,4.0,12/17/10 14:46,7.95,12691.0,France
537738,22411,JUMBO SHOPPER VINTAGE RED PAISLEY,10.0,12/8/10 11:02,1.95,17706.0,United Kingdom
C544279,22617,BAKING SET SPACEBOY DESIGN,-1.0,2/17/11 12:03,4.95,17954.0,United Kingdom
540848,84968C,SET OF 16 VINTAGE PISTACHIO CUTLERY,10.0,1/12/11 9:26,8.47,,United Kingdom
543111,22411,JUMBO SHOPPER VINTAGE RED PAISLEY,3.0,2/3/11 12:44,1.95,15719.0,United Kingdom
540453,22037,ROBOT BIRTHDAY CARD,12.0,1/7/11 11:54,0.42,13426.0,United Kingdom
540267,22659,LUNCH BOX I LOVE LONDON,64.0,1/6/11 11:12,1.65,12415.0,Australia
541422,47585A,PINK FAIRY CAKE CUSHION COVER,1.0,1/17/11 17:48,4.13,,United Kingdom
544701,22630,DOLLY GIRL LUNCH BOX,12.0,2/23/11 10:27,1.95,17428.0,United Kingdom
544657,22993,SET OF 4 PANTRY JELLY MOULDS,12.0,2/22/11 13:08,1.25,14895.0,United Kingdom
536408,22465,HANGING METAL STAR LANTERN,12.0,12/1/10 11:41,1.65,14307.0,United Kingdom
537823,79067,CORONA MEXICAN TRAY,1.0,12/8/10 14:25,8.47,,United Kingdom
543467,85131D,BEADED CRYSTAL HEART PINK ON STICK,1.0,2/8/11 14:35,0.83,,United Kingdom
540154,90200C,BLUE SWEETHEART BRACELET,1.0,1/5/11 11:30,4.24,,United Kingdom
540260,22842,BISCUIT TIN VINTAGE RED,2.0,1/6/11 9:40,6.75,13097.0,United Kingdom
537354,20725,LUNCH BAG RED RETROSPOT,2.0,12/6/10 12:23,1.65,12748.0,United Kingdom
543535,21108,FAIRY CAKE FLANNEL ASSORTED COLOUR,12.0,2/9/11 13:37,2.55,17537.0,United Kingdom
539631,22457,NATURAL SLATE HEART CHALKBOARD ,3.0,12/20/10 15:03,5.91,,United Kingdom
543548,84879,ASSORTED COLOUR BIRD ORNAMENT,8.0,2/10/11 9:21,1.69,13706.0,United Kingdom
543540,20725,LUNCH BAG RED RETROSPOT,10.0,2/9/11 14:44,1.65,17412.0,United Kingdom
536796,22976,CIRCUS PARADE CHILDRENS EGG CUP ,1.0,12/2/10 15:46,1.25,15574.0,United Kingdom
537666,22276,WASH BAG VINTAGE ROSE PAISLEY,2.0,12/7/10 18:36,5.91,,United Kingdom
C543388,POST,POSTAGE,-3.0,2/8/11 9:44,15.0,14646.0,Netherlands
536742,21213,PACK OF 72 SKULL CAKE CASES,1.0,12/2/10 13:14,0.55,16916.0,United Kingdom
537050,21716,BOYS VINTAGE TIN SEASIDE BUCKET,5.0,12/5/10 11:10,2.55,14800.0,United Kingdom
540647,84970L,SINGLE HEART ZINC T-LIGHT HOLDER,8.0,1/10/11 14:57,0.95,17406.0,United Kingdom
544190,23006,TRAVEL CARD WALLET FLOWER MEADOW,24.0,2/16/11 16:56,0.42,13089.0,United Kingdom
536544,21844,RED RETROSPOT MUG,2.0,12/1/10 14:32,5.91,,United Kingdom
540826,22879,NUMBER TILE VINTAGE FONT 0,12.0,1/11/11 14:00,0.42,13102.0,United Kingdom
537434,20973,12 PENCIL SMALL TUBE WOODLAND,4.0,12/6/10 16:57,1.28,,United Kingdom
539436,84596E,SMALL LICORICE DES PINK BOWL,1.0,12/17/10 14:49,2.51,,United Kingdom
543565,22960,JAM MAKING SET WITH JARS,6.0,2/10/11 10:40,4.25,14431.0,United Kingdom
538077,20685,DOORMAT RED RETROSPOT,2.0,12/9/10 14:19,7.95,14667.0,United Kingdom
538836,22197,SMALL POPCORN HOLDER,6.0,12/14/10 13:09,0.85,12748.0,United Kingdom
537045,21181,PLEASE ONE PERSON METAL SIGN,2.0,12/5/10 10:54,2.1,15038.0,United Kingdom
536500,84029E,RED WOOLLY HOTTIE WHITE HEART.,2.0,12/1/10 12:35,3.75,17377.0,United Kingdom
541516,21935,SUKI  SHOULDER BAG,9.0,1/18/11 17:34,1.63,,United Kingdom
543107,22861,EASTER TIN CHICKS IN GARDEN,6.0,2/3/11 12:27,1.65,13800.0,United Kingdom
540977,21935,SUKI  SHOULDER BAG,8.0,1/12/11 15:01,1.66,,United Kingdom
540568,22386,JUMBO BAG PINK POLKADOT,10.0,1/10/11 11:22,1.95,15039.0,United Kingdom
544928,20707,CRAZY DAISY HEART DECORATION,1.0,2/24/11 18:07,0.83,,United Kingdom
539629,84029G,KNITTED UNION FLAG HOT WATER BOTTLE,12.0,12/20/10 14:51,3.75,14062.0,United Kingdom
536876,22902,TOTE BAG I LOVE LONDON,1.0,12/3/10 11:36,4.21,,United Kingdom
541711,22966,GINGERBREAD MAN COOKIE CUTTER,36.0,1/21/11 11:18,1.25,14646.0,Netherlands
542997,21195,PINK  HONEYCOMB PAPER BALL ,1.0,2/2/11 12:16,4.13,,United Kingdom
539036,22423,REGENCY CAKESTAND 3 TIER,3.0,12/15/10 14:35,12.75,14913.0,United Kingdom
541132,22383,LUNCH BAG SUKI  DESIGN ,2.0,1/14/11 10:17,4.96,,United Kingdom
538363,22174,PHOTO CUBE,6.0,12/10/10 17:14,1.65,18016.0,United Kingdom
538666,22812,PACK 3 BOXES CHRISTMAS PANNETONE,1.0,12/13/10 15:57,1.95,,United Kingdom
536799,70006,LOVE HEART POCKET WARMER,5.0,12/2/10 16:00,1.65,17228.0,United Kingdom
540996,47590B,PINK HAPPY BIRTHDAY BUNTING,3.0,1/13/11 9:40,5.45,17068.0,United Kingdom
539434,22960,JAM MAKING SET WITH JARS,2.0,12/17/10 14:41,8.47,,United Kingdom
543993,20727,LUNCH BAG  BLACK SKULL.,10.0,2/15/11 10:40,1.65,17612.0,United Kingdom
538370,21527,RED RETROSPOT TRADITIONAL TEAPOT ,1.0,12/12/10 11:06,7.95,16923.0,United Kingdom
540664,22423,REGENCY CAKESTAND 3 TIER,2.0,1/10/11 15:18,12.75,15044.0,United Kingdom
538104,22942,CHRISTMAS LIGHTS 10 SANTAS ,3.0,12/9/10 15:16,8.5,17950.0,United Kingdom
536582,21365,MIRRORED WALL ART STARS,6.0,12/1/10 16:21,2.95,12947.0,United Kingdom
538368,22273,FELTCRAFT DOLL MOLLY,1.0,12/12/10 10:57,2.95,15503.0,United Kingdom
541592,21557,SET OF 6 FUNKY BEAKERS,3.0,1/19/11 15:08,2.46,,United Kingdom
542227,21877,HOME SWEET HOME MUG,12.0,1/26/11 13:33,1.25,14243.0,United Kingdom
542709,21210,SET OF 72 RETROSPOT PAPER  DOILIES,12.0,1/31/11 13:17,1.45,15144.0,United Kingdom
542219,22617,BAKING SET SPACEBOY DESIGN,3.0,1/26/11 12:36,4.95,17735.0,United Kingdom
541809,21673,WHITE SPOT BLUE CERAMIC DRAWER KNOB,2.0,1/21/11 14:59,2.46,,United Kingdom
540770,79302M,"ART LIGHTS,FUNK MONKEY",6.0,1/11/11 10:40,2.95,13468.0,United Kingdom
536520,22557,PLASTERS IN TIN VINTAGE PAISLEY ,2.0,12/1/10 12:43,1.65,14729.0,United Kingdom
540352,21620,SET OF 4 ROSE BOTANICAL CANDLES,1.0,1/6/11 14:27,2.51,,United Kingdom
542255,22166,WALL MIRROR RECTANGLE DIAMANTE PINK,1.0,1/26/11 16:43,7.46,,United Kingdom
542891,84792,ENCHANTED BIRD COATHANGER 5 HOOK,24.0,2/1/11 13:26,3.81,16705.0,United Kingdom
537434,84519A,TOMATO CHARLIE+LOLA COASTER SET,1.0,12/6/10 16:57,5.91,,United Kingdom
540026,22264,FELT FARM ANIMAL WHITE BUNNY ,2.0,1/4/11 13:25,0.81,,United Kingdom
543273,22720,SET OF 3 CAKE TINS PANTRY DESIGN ,1.0,2/6/11 11:29,4.95,16456.0,United Kingdom
538008,21154,RED RETROSPOT OVEN GLOVE ,10.0,12/9/10 12:17,1.25,12683.0,France
537653,22773,GREEN DRAWER KNOB ACRYLIC EDWARDIAN,2.0,12/7/10 15:54,1.25,17897.0,United Kingdom
543448,21452,TOADSTOOL MONEY BOX,1.0,2/8/11 12:12,4.96,,United Kingdom
538203,21977,PACK OF 60 PINK PAISLEY CAKE CASES,24.0,12/10/10 11:21,0.55,13767.0,United Kingdom
544463,85206A,CREAM FELT EASTER EGG BASKET,3.0,2/20/11 14:31,1.65,12988.0,United Kingdom
542538,22931,BAKING MOULD HEART WHITE CHOCOLATE,6.0,1/28/11 13:54,2.55,15079.0,United Kingdom
538592,84031A,CHARLIE+LOLA RED HOT WATER BOTTLE ,1.0,12/13/10 11:47,4.65,15854.0,United Kingdom
542255,22419,LIPSTICK PEN RED,2.0,1/26/11 16:43,0.83,,United Kingdom
539004,21166,COOK WITH WINE METAL SIGN ,12.0,12/15/10 12:43,1.95,13426.0,United Kingdom
540418,21272,SALLE DE BAIN HOOK,1.0,1/7/11 11:04,2.51,,United Kingdom
542393,21733,RED HANGING HEART T-LIGHT HOLDER,1.0,1/27/11 15:02,2.95,18125.0,United Kingdom
536528,22584,PACK OF 6 PANNETONE GIFT BOXES,2.0,12/1/10 13:17,2.55,15525.0,United Kingdom
540418,22438,BALLOON ART MAKE YOUR OWN FLOWERS,7.0,1/7/11 11:04,1.66,,United Kingdom
544812,21455,PAINTED YELLOW WOODEN DAISY,53.0,2/23/11 15:58,0.83,,United Kingdom
537237,85136A,YELLOW SHARK HELICOPTER,1.0,12/6/10 9:58,8.47,,United Kingdom
541584,22352,LUNCH BOX WITH CUTLERY RETROSPOT ,1.0,1/19/11 14:12,4.96,,United Kingdom
537441,22851,SET 20 NAPKINS FAIRY CAKES DESIGN ,4.0,12/6/10 17:26,0.85,13564.0,United Kingdom
544203,21746,SMALL RED RETROSPOT WINDMILL,12.0,2/17/11 10:30,1.25,12362.0,Belgium
542621,84535B,FAIRY CAKES NOTEBOOK A6 SIZE,16.0,1/31/11 9:05,0.65,12528.0,Germany
537265,22098,BOUDOIR SQUARE TISSUE BOX,3.0,12/6/10 11:26,1.25,15919.0,United Kingdom
544044,21524,DOORMAT SPOTTY HOME SWEET HOME,1.0,2/15/11 12:05,7.95,14659.0,United Kingdom
539607,22555,PLASTERS IN TIN STRONGMAN,12.0,12/20/10 14:10,1.65,12681.0,France
540551,82613C,"METAL SIGN,CUPCAKE SINGLE HOOK",6.0,1/10/11 9:43,0.85,,United Kingdom
538991,21703,BAG 125g SWIRLY MARBLES,96.0,12/15/10 11:53,0.36,17511.0,United Kingdom
541872,82582,AREA PATROLLED METAL SIGN,2.0,1/24/11 9:52,2.1,14796.0,United Kingdom
543826,85131D,BEADED CRYSTAL HEART PINK ON STICK,7.0,2/14/11 9:41,0.83,,United Kingdom
537044,72802B,OCEAN SCENT CANDLE IN JEWELLED BOX,6.0,12/5/10 10:52,4.25,18055.0,United Kingdom
543345,84520B,PACK 20 ENGLISH ROSE PAPER NAPKINS,3.0,2/7/11 12:29,1.63,,United Kingdom
542080,22411,JUMBO SHOPPER VINTAGE RED PAISLEY,10.0,1/25/11 12:16,1.95,13815.0,Germany
539654,22413,METAL SIGN TAKE IT OR LEAVE IT ,12.0,12/20/10 17:05,2.95,17340.0,United Kingdom
538518,22364,GLASS JAR DIGESTIVE BISCUITS,2.0,12/12/10 16:14,2.95,14505.0,United Kingdom
543201,21558,SKULL LUNCH BOX WITH CUTLERY ,3.0,2/4/11 13:03,4.96,,United Kingdom
538809,22727,ALARM CLOCK BAKELIKE RED ,8.0,12/14/10 12:17,3.75,15514.0,United Kingdom
542221,22090,PAPER BUNTING RETROSPOT,4.0,1/26/11 12:40,2.95,14978.0,United Kingdom
544837,82567,"AIRLINE LOUNGE,METAL SIGN",1.0,2/24/11 10:29,2.1,15910.0,United Kingdom
541711,22554,PLASTERS IN TIN WOODLAND ANIMALS,96.0,1/21/11 11:18,1.45,14646.0,Netherlands
543013,85202,HANGING WOOD AND FELT HEART,2.0,2/2/11 13:35,0.79,,United Kingdom
537822,22354,RETROSPOT PADDED SEAT CUSHION,15.0,12/8/10 14:22,3.75,13523.0,United Kingdom
542633,84030e,ENGLISH ROSE HOT WATER BOTTLE,1.0,1/31/11 10:31,8.29,,United Kingdom
537434,21429,RED GINGHAM ROSE JEWELLERY BOX,2.0,12/6/10 16:57,3.36,,United Kingdom
539739,22960,JAM MAKING SET WITH JARS,2.0,12/21/10 15:19,8.47,,United Kingdom
543592,72802B,OCEAN SCENT CANDLE IN JEWELLED BOX,6.0,2/10/11 11:57,4.25,17243.0,United Kingdom
538843,22728,ALARM CLOCK BAKELIKE PINK,2.0,12/14/10 13:18,3.75,16033.0,United Kingdom
536846,22113,GREY HEART HOT WATER BOTTLE,1.0,12/2/10 19:59,3.75,14573.0,United Kingdom
544657,22722,SET OF 6 SPICE TINS PANTRY DESIGN,4.0,2/22/11 13:08,3.95,14895.0,United Kingdom
544887,22492,MINI PAINT SET VINTAGE ,36.0,2/24/11 11:54,0.65,17364.0,United Kingdom
538839,90214M,"LETTER ""M"" BLING KEY RING",7.0,12/14/10 13:10,1.25,14606.0,United Kingdom
542634,22937,BAKING MOULD CHOCOLATE CUPCAKES,6.0,1/31/11 10:42,2.55,15448.0,United Kingdom
544607,22084,PAPER CHAIN KIT EMPIRE,6.0,2/22/11 10:00,2.95,13862.0,United Kingdom
542344,21539,RED RETROSPOT BUTTER DISH,2.0,1/27/11 11:30,9.96,,United Kingdom
538524,21108,FAIRY CAKE FLANNEL ASSORTED COLOUR,1.0,12/13/10 9:35,5.06,,United Kingdom
540979,21485,RETROSPOT HEART HOT WATER BOTTLE,4.0,1/12/11 15:06,4.95,15727.0,United Kingdom
543358,35954,SMALL FOLKART STAR CHRISTMAS DEC,4.0,2/7/11 14:04,0.82,,United Kingdom
542622,40003,WHITE BAMBOO RIBS LAMPSHADE,5.0,1/31/11 9:09,3.29,,United Kingdom
537240,84536A,ENGLISH ROSE NOTEBOOK A7 SIZE,1.0,12/6/10 10:08,0.85,,United Kingdom
537534,21116,OWL DOORSTOP,1.0,12/7/10 11:48,0.0,,United Kingdom
537207,20750,RED RETROSPOT MINI CASES,1.0,12/5/10 15:06,7.95,17402.0,United Kingdom
541679,21844,RED RETROSPOT MUG,6.0,1/20/11 14:17,2.95,15422.0,United Kingdom
544190,46000M,POLYESTER FILLER PAD 45x45cm,12.0,2/16/11 16:56,1.55,13089.0,United Kingdom
540551,22767,TRIPLE PHOTO FRAME CORNICE ,1.0,1/10/11 9:43,20.38,,United Kingdom
538566,85132A,CHARLIE + LOLA BISCUITS TINS,1.0,12/13/10 11:21,8.47,,United Kingdom
544778,22358,KINGS CHOICE TEA CADDY ,2.0,2/23/11 12:03,2.95,14978.0,United Kingdom
544998,22077,6 RIBBONS RUSTIC CHARM,1.0,2/25/11 11:56,1.65,14470.0,United Kingdom
539647,22561,WOODEN SCHOOL COLOURING SET,1.0,12/20/10 16:08,1.65,15460.0,United Kingdom
541592,84596J,MIXED NUTS LIGHT GREEN BOWL,5.0,1/19/11 15:08,0.83,,United Kingdom
538313,22730,ALARM CLOCK BAKELIKE IVORY,1.0,12/10/10 13:50,3.75,15514.0,United Kingdom
543803,47590A,BLUE HAPPY BIRTHDAY BUNTING,2.0,2/13/11 12:05,5.45,17126.0,United Kingdom
542432,48187,DOORMAT NEW ENGLAND,10.0,1/28/11 10:40,6.75,13538.0,United Kingdom
542619,22294,HEART FILIGREE DOVE  SMALL,6.0,1/30/11 15:54,1.25,13869.0,United Kingdom
539019,84910A,PINK PAISLEY CUSHION COVER ,2.0,12/15/10 14:12,5.95,17551.0,United Kingdom
541115,21786,POLKADOT RAIN HAT ,24.0,1/13/11 15:34,0.42,12578.0,Italy
537077,22795,SWEETHEART RECIPE BOOK STAND,2.0,12/5/10 11:59,6.75,17062.0,United Kingdom
538566,21547,CERAMIC BIRDHOUSE CRESTED TIT SMALL,1.0,12/13/10 11:21,5.91,,United Kingdom
540352,22202,MILK PAN PINK POLKADOT,1.0,1/6/11 14:27,7.62,,United Kingdom
544204,22961,JAM MAKING SET PRINTED,1.0,2/17/11 10:30,3.29,,United Kingdom
543989,21058,PARTY INVITES WOODLAND,144.0,2/15/11 9:52,0.72,12415.0,Australia
539663,22461,SAVOY ART DECO CLOCK,1.0,12/21/10 10:26,12.75,17961.0,United Kingdom
541219,85231B,CINAMMON SET OF 9 T-LIGHTS,1.0,1/14/11 14:06,1.63,,United Kingdom
543300,21327,SKULLS WRITING SET ,6.0,2/7/11 11:42,1.65,13334.0,United Kingdom
537775,22554,PLASTERS IN TIN WOODLAND ANIMALS,12.0,12/8/10 12:41,1.65,17722.0,United Kingdom
539041,37446,MINI CAKE STAND WITH HANGING CAKES,4.0,12/15/10 15:34,1.45,15456.0,United Kingdom
543631,22961,JAM MAKING SET PRINTED,1.0,2/10/11 16:17,1.45,14081.0,United Kingdom
544943,22968,ROSE COTTAGE KEEPSAKE BOX ,8.0,2/25/11 10:39,8.5,15845.0,United Kingdom
543277,22627,MINT KITCHEN SCALES,2.0,2/6/11 14:33,8.5,15808.0,United Kingdom
540954,21427,SKULLS STORAGE BOX SMALL,1.0,1/12/11 13:19,2.1,14606.0,United Kingdom
544660,22670,FRENCH WC SIGN BLUE METAL,12.0,2/22/11 13:47,1.25,15078.0,United Kingdom
542607,22196,SMALL HEART MEASURING SPOONS,3.0,1/30/11 13:48,0.85,13148.0,United Kingdom
538040,22917,HERB MARKER ROSEMARY,12.0,12/9/10 13:08,0.65,16520.0,United Kingdom
536401,20966,SANDWICH BATH SPONGE,3.0,12/1/10 11:21,1.25,15862.0,United Kingdom
543481,22109,FULL ENGLISH BREAKFAST PLATE,1.0,2/8/11 16:25,3.75,14606.0,United Kingdom
540027,22073,RED RETROSPOT STORAGE JAR,4.0,1/4/11 13:30,3.75,14210.0,United Kingdom
543097,20963,APPLE BATH SPONGE,1.0,2/3/11 11:41,2.46,,United Kingdom
540473,21198,WHITE HEART CONFETTI IN TUBE,2.0,1/7/11 14:31,1.65,17284.0,United Kingdom
544391,35241,ENAMEL BLUE RIM BISCUIT BIN,3.0,2/18/11 11:53,4.95,15755.0,United Kingdom
541567,21719,LOVELY BONBON STICKER SHEET,12.0,1/19/11 11:51,0.85,12681.0,France
541592,21116,OWL DOORSTOP,1.0,1/19/11 15:08,8.29,,United Kingdom
541516,84970S,HANGING HEART ZINC T-LIGHT HOLDER,2.0,1/18/11 17:34,2.08,,United Kingdom
537404,22195,LARGE HEART MEASURING SPOONS,1.0,12/6/10 14:46,1.65,17191.0,United Kingdom
536862,21557,SET OF 6 FUNKY BEAKERS,1.0,12/3/10 11:13,5.74,,United Kingdom
542895,22754,SMALL RED BABUSHKA NOTEBOOK ,1.0,2/1/11 13:47,0.85,14549.0,United Kingdom
C537444,22580,ADVENT CALENDAR GINGHAM SACK,-8.0,12/7/10 8:42,5.95,14850.0,United Kingdom
537434,90104,PURPLE FRANGIPANI HAIRCLIP,2.0,12/6/10 16:57,0.83,,United Kingdom
541213,22131,FOOD CONTAINER SET 3 LOVE HEART ,3.0,1/14/11 13:28,1.95,15033.0,United Kingdom
541508,21042,RED RETROSPOT APRON ,1.0,1/18/11 16:06,12.46,,United Kingdom
544657,22570,FELTCRAFT CUSHION RABBIT,4.0,2/22/11 13:08,3.75,14895.0,United Kingdom
537815,21871,SAVE THE PLANET MUG,12.0,12/8/10 13:49,1.25,17676.0,United Kingdom
541877,22973,CHILDREN'S CIRCUS PARADE MUG,12.0,1/24/11 10:12,1.65,12559.0,Germany
544754,85049E,SCANDINAVIAN REDS RIBBONS,12.0,2/23/11 10:58,1.25,16394.0,United Kingdom
539451,21166,COOK WITH WINE METAL SIGN ,1.0,12/17/10 16:59,4.21,,United Kingdom
537620,22791,T-LIGHT GLASS FLUTED ANTIQUE,12.0,12/7/10 14:00,1.25,13880.0,United Kingdom
541293,35004C,SET OF 3 COLOURED  FLYING DUCKS,12.0,1/17/11 13:39,4.65,15311.0,United Kingdom
543273,21165,BEWARE OF THE CAT METAL SIGN ,1.0,2/6/11 11:29,1.69,16456.0,United Kingdom
541971,22182,CAKE STAND VICTORIAN FILIGREE SMALL,2.0,1/24/11 13:48,4.13,,United Kingdom
541021,16161P,WRAP ENGLISH ROSE ,25.0,1/13/11 12:03,0.42,13093.0,United Kingdom
538263,21485,RETROSPOT HEART HOT WATER BOTTLE,3.0,12/10/10 12:44,4.95,18065.0,United Kingdom
537240,21116,OWL DOORSTOP,1.0,12/6/10 10:08,8.47,,United Kingdom
539451,22583,PACK OF 6 HANDBAG GIFT BOXES,1.0,12/17/10 16:59,5.06,,United Kingdom
536798,21874,GIN AND TONIC MUG,6.0,12/2/10 15:55,1.25,17838.0,United Kingdom
542621,15060B,FAIRY CAKE DESIGN UMBRELLA,4.0,1/31/11 9:05,3.75,12528.0,Germany
544323,35809A,ENAMEL PINK TEA CONTAINER,5.0,2/17/11 15:51,4.13,,United Kingdom
536592,85232B,SET OF 3 BABUSHKA STACKING TINS,1.0,12/1/10 17:06,4.95,,United Kingdom
539353,21754,HOME BUILDING BLOCK WORD,3.0,12/17/10 11:30,5.95,12782.0,Portugal
537022,72807C,SET/3 VANILLA SCENTED CANDLE IN BOX,4.0,12/3/10 15:45,4.25,12725.0,Italy
539411,21363,HOME SMALL WOOD LETTERS,3.0,12/17/10 13:29,4.95,14243.0,United Kingdom
544309,22220,CAKE STAND LOVEBIRD 2 TIER WHITE,4.0,2/17/11 14:17,9.95,15785.0,United Kingdom
543374,21930,JUMBO STORAGE BAG SKULLS,10.0,2/7/11 15:05,1.95,16945.0,United Kingdom
537057,22433,WATERING CAN GREEN DINOSAUR,3.0,12/5/10 11:49,1.95,15351.0,United Kingdom
537642,21937,STRAWBERRY   PICNIC BAG,1.0,12/7/10 15:33,5.91,,United Kingdom
543370,22709,WRAP WEDDING DAY,25.0,2/7/11 14:51,0.42,12359.0,Cyprus
544930,22296,HEART IVORY TRELLIS LARGE,2.0,2/24/11 18:26,1.65,17472.0,United Kingdom
537399,22654,DELUXE SEWING KIT ,2.0,12/6/10 14:31,5.95,13030.0,United Kingdom
543530,22757,LARGE RED BABUSHKA NOTEBOOK ,1.0,2/9/11 12:46,2.46,,United Kingdom
540691,21908,CHOCOLATE THIS WAY METAL SIGN,12.0,1/11/11 8:50,2.4,17450.0,United Kingdom
541104,21949,SET OF 6 STRAWBERRY CHOPSTICKS,3.0,1/13/11 14:29,1.25,,United Kingdom
544598,22728,ALARM CLOCK BAKELIKE PINK,1.0,2/21/11 18:10,7.46,,United Kingdom
540689,85123A,WHITE HANGING HEART T-LIGHT HOLDER,1010.0,1/11/11 8:43,3.24,17450.0,United Kingdom
538177,22321,BIRD DECORATION RED RETROSPOT,1.0,12/10/10 9:51,1.66,,United Kingdom
537638,22594,CHRISTMAS GINGHAM TREE,1.0,12/7/10 15:28,1.66,,United Kingdom
541711,22212,FOUR HOOK  WHITE LOVEBIRDS,24.0,1/21/11 11:18,2.1,14646.0,Netherlands
C539576,22896,PEG BAG APPLES DESIGN,-12.0,12/20/10 12:25,2.55,14911.0,EIRE
544089,20979,36 PENCILS TUBE RED RETROSPOT,12.0,2/15/11 17:51,1.25,,United Kingdom
536544,21328,BALLOONS  WRITING SET ,2.0,12/1/10 14:32,3.36,,United Kingdom
536782,22772,PINK DRAWER KNOB ACRYLIC EDWARDIAN,12.0,12/2/10 15:18,1.25,17567.0,United Kingdom
542891,22960,JAM MAKING SET WITH JARS,12.0,2/1/11 13:26,3.75,16705.0,United Kingdom
543124,72760B,VINTAGE CREAM 3 BASKET CAKE STAND,1.0,2/3/11 14:15,9.95,15311.0,United Kingdom
543399,22625,RED KITCHEN SCALES,1.0,2/8/11 11:07,16.63,,United Kingdom
541216,84836,ZINC METAL HEART DECORATION,1.0,1/14/11 13:52,1.25,15311.0,United Kingdom
541695,22024,RAINY LADIES BIRTHDAY CARD,1.0,1/20/11 18:01,0.83,,United Kingdom
538205,22116,METAL SIGN HIS DINNER IS SERVED,1.0,12/10/10 11:24,2.95,12748.0,United Kingdom
540828,21425,SKULLS STORAGE BOX LARGE,2.0,1/11/11 14:36,6.77,,United Kingdom
541592,20733,GOLD MINI TAPE MEASURE ,4.0,1/19/11 15:08,0.83,,United Kingdom
541485,20658,RED RETROSPOT LUGGAGE TAG,1.0,1/18/11 13:05,1.25,18118.0,United Kingdom
541410,22348,TEA BAG PLATE RED RETROSPOT,12.0,1/17/11 16:06,0.85,13089.0,United Kingdom
542154,22111,SCOTTIE DOG HOT WATER BOTTLE,24.0,1/26/11 10:49,4.25,15777.0,United Kingdom
541592,85170C,SET/6 EAU DE NIL BIRD T-LIGHTS,5.0,1/19/11 15:08,2.46,,United Kingdom
542745,21624,VINTAGE UNION JACK DOORSTOP,1.0,1/31/11 16:47,5.95,15881.0,United Kingdom
C539576,47559B,TEA TIME OVEN GLOVE,-20.0,12/20/10 12:25,1.25,14911.0,EIRE
540352,21200,MULTICOLOUR HONEYCOMB PAPER GARLAND,5.0,1/6/11 14:27,1.66,,United Kingdom
544161,21754,HOME BUILDING BLOCK WORD,3.0,2/16/11 12:59,5.95,16875.0,United Kingdom
537434,22348,TEA BAG PLATE RED RETROSPOT,7.0,12/6/10 16:57,1.66,,United Kingdom
537762,22086,PAPER CHAIN KIT 50'S CHRISTMAS ,40.0,12/8/10 12:01,2.55,16558.0,United Kingdom
536590,22114,HOT WATER BOTTLE TEA AND SYMPATHY,4.0,12/1/10 16:52,3.95,13065.0,United Kingdom
544835,20931,BLUE POT PLANT CANDLE ,4.0,2/24/11 10:15,3.75,17830.0,United Kingdom
544776,22747,POPPY'S PLAYHOUSE BATHROOM,1.0,2/23/11 11:39,3.29,,United Kingdom
541985,20681,PINK POLKADOT CHILDRENS UMBRELLA,1.0,1/24/11 15:52,3.25,15052.0,United Kingdom
536769,22084,PAPER CHAIN KIT EMPIRE,6.0,12/2/10 14:47,2.95,17581.0,United Kingdom
544193,22326,ROUND SNACK BOXES SET OF4 WOODLAND ,6.0,2/17/11 8:23,2.95,12431.0,Belgium
542265,22577,WOODEN HEART CHRISTMAS SCANDINAVIAN,7.0,1/26/11 17:27,0.85,15867.0,United Kingdom
538296,22822,CREAM WALL PLANTER HEART SHAPED,2.0,12/10/10 13:06,5.95,13148.0,United Kingdom
537381,84029E,RED WOOLLY HOTTIE WHITE HEART.,6.0,12/6/10 13:13,3.75,14667.0,United Kingdom
542112,85150,LADIES & GENTLEMEN METAL SIGN,1.0,1/25/11 13:55,2.55,13168.0,United Kingdom
541262,82482,WOODEN PICTURE FRAME WHITE FINISH,1.0,1/16/11 15:50,2.55,18069.0,United Kingdom
544323,22720,SET OF 3 CAKE TINS PANTRY DESIGN ,1.0,2/17/11 15:51,10.79,,United Kingdom
540826,22885,NUMBER TILE VINTAGE FONT 6 ,12.0,1/11/11 14:00,0.42,13102.0,United Kingdom
539181,22727,ALARM CLOCK BAKELIKE RED ,1.0,12/16/10 11:51,3.75,12748.0,United Kingdom
541489,21313,GLASS HEART T-LIGHT HOLDER ,3.0,1/18/11 13:38,0.85,15023.0,United Kingdom
539451,22727,ALARM CLOCK BAKELIKE RED ,2.0,12/17/10 16:59,7.62,,United Kingdom
538508,22296,HEART IVORY TRELLIS LARGE,2.0,12/12/10 13:32,1.65,15998.0,United Kingdom
539453,90062,CARNIVAL BRACELET,1.0,12/17/10 17:08,12.75,,United Kingdom
544445,22728,ALARM CLOCK BAKELIKE PINK,1.0,2/20/11 10:56,3.75,16746.0,United Kingdom
538852,22804,CANDLEHOLDER PINK HANGING HEART,4.0,12/14/10 13:33,2.95,17372.0,United Kingdom
541999,21668,RED STRIPE CERAMIC DRAWER KNOB,2.0,1/25/11 10:45,2.46,,United Kingdom
539437,85124B,BLUE JUICY FRUIT PHOTO FRAME,1.0,12/17/10 14:54,5.06,,United Kingdom
543162,21171,BATHROOM METAL SIGN ,6.0,2/3/11 18:08,1.45,17507.0,United Kingdom
540248,22561,WOODEN SCHOOL COLOURING SET,4.0,1/5/11 15:57,1.65,15034.0,United Kingdom
538515,22622,BOX OF VINTAGE ALPHABET BLOCKS,24.0,12/12/10 14:43,8.5,17937.0,United Kingdom
541946,22918,HERB MARKER PARSLEY,12.0,1/24/11 11:50,0.65,17591.0,United Kingdom
537370,22121,NOEL WOODEN BLOCK LETTERS ,1.0,12/6/10 12:44,5.95,13155.0,United Kingdom
537405,85132A,CHARLIE + LOLA BISCUITS TINS,2.0,12/6/10 14:51,9.95,17841.0,United Kingdom
536864,22187,GREEN CHRISTMAS TREE CARD HOLDER,1.0,12/3/10 11:27,8.47,,United Kingdom
540691,21668,RED STRIPE CERAMIC DRAWER KNOB,12.0,1/11/11 8:50,1.49,17450.0,United Kingdom
539731,22858,EASTER TIN KEEPSAKE,108.0,12/21/10 15:05,1.45,14646.0,Netherlands
540522,22616,PACK OF 12 LONDON TISSUES ,48.0,1/9/11 12:50,0.29,13102.0,United Kingdom
540354,21137,BLACK RECORD COVER FRAME,48.0,1/6/11 14:58,3.39,13576.0,United Kingdom
542408,21561,DINOSAUR LUNCH BOX WITH CUTLERY,6.0,1/27/11 16:29,2.55,13280.0,United Kingdom
540566,35961,FOLKART ZINC HEART CHRISTMAS DEC,2.0,1/10/11 10:58,0.85,17811.0,United Kingdom
541859,90214G,"LETTER ""G"" BLING KEY RING",1.0,1/23/11 15:34,1.25,14606.0,United Kingdom
540834,22464,HANGING METAL HEART LANTERN,12.0,1/11/11 14:50,1.65,14733.0,United Kingdom
544790,21981,PACK OF 12 WOODLAND TISSUES ,12.0,2/23/11 12:27,0.29,16940.0,United Kingdom
541207,85123A,WHITE HANGING HEART T-LIGHT HOLDER,12.0,1/14/11 12:27,2.95,17685.0,United Kingdom
544800,22501,PICNIC BASKET WICKER LARGE,2.0,2/23/11 13:45,9.95,15687.0,United Kingdom
536787,21068,VINTAGE BILLBOARD LOVE/HATE MUG,6.0,12/2/10 15:24,1.06,17850.0,United Kingdom
536586,22846,BREAD BIN DINER STYLE RED ,8.0,12/1/10 16:25,14.95,18229.0,United Kingdom
540255,21650,ASSORTED TUTTI FRUTTI BRACELET,3.0,1/5/11 16:50,0.43,,United Kingdom
544825,47594A,CAROUSEL DESIGN WASHBAG,6.0,2/24/11 9:32,1.95,15606.0,United Kingdom
540358,21620,SET OF 4 ROSE BOTANICAL CANDLES,12.0,1/6/11 15:25,1.25,13599.0,United Kingdom
539442,22697,GREEN REGENCY TEACUP AND SAUCER,6.0,12/17/10 15:39,2.95,16558.0,United Kingdom
541838,21385,IVORY HANGING DECORATION  HEART,24.0,1/23/11 10:43,0.85,12916.0,United Kingdom
544286,72741,GRAND CHOCOLATECANDLE,9.0,2/17/11 12:29,1.45,13151.0,United Kingdom
539451,20914,SET/5 RED RETROSPOT LID GLASS BOWLS,3.0,12/17/10 16:59,5.91,,United Kingdom
542241,82583,HOT BATHS METAL SIGN,1.0,1/26/11 14:51,2.1,16409.0,United Kingdom
C537251,21826,EIGHT PIECE DINOSAUR SET,-4.0,12/6/10 10:45,1.25,,United Kingdom
543280,22386,JUMBO BAG PINK POLKADOT,10.0,2/6/11 14:56,1.95,14438.0,United Kingdom
539631,21216,"SET 3 RETROSPOT TEA,COFFEE,SUGAR",1.0,12/20/10 15:03,11.02,,United Kingdom
C543662,22423,REGENCY CAKESTAND 3 TIER,-5.0,2/11/11 10:49,10.95,14441.0,United Kingdom
540551,10133,COLOURING PENCILS BROWN TUBE,1.0,1/10/11 9:43,0.81,,United Kingdom
541678,22082,RIBBON REEL STRIPES DESIGN ,5.0,1/20/11 14:13,1.65,17771.0,United Kingdom
544685,22727,ALARM CLOCK BAKELIKE RED ,4.0,2/22/11 17:13,3.75,13285.0,United Kingdom
542393,72349B,SET/6 PURPLE BUTTERFLY T-LIGHTS,1.0,1/27/11 15:02,2.1,18125.0,United Kingdom
544819,21713,CITRONELLA CANDLE FLOWERPOT,3.0,2/23/11 17:15,2.1,12748.0,United Kingdom
544684,22245,"HOOK, 1 HANGER ,MAGIC GARDEN",6.0,2/22/11 16:32,1.63,,United Kingdom
541631,20682,RED RETROSPOT CHILDRENS UMBRELLA,6.0,1/20/11 10:48,3.25,12637.0,France
536415,22130,PARTY CONE CHRISTMAS DECORATION ,6.0,12/1/10 11:57,0.85,12838.0,United Kingdom
536544,21354,TOAST ITS - BEST MUM,1.0,12/1/10 14:32,2.51,,United Kingdom
537224,84978,HANGING HEART JAR T-LIGHT HOLDER,6.0,12/5/10 16:24,1.25,13174.0,United Kingdom
544945,22328,ROUND SNACK BOXES SET OF 4 FRUITS ,6.0,2/25/11 10:53,2.95,17735.0,United Kingdom
536520,22604,SET OF 4 NAPKIN CHARMS CUTLERY,3.0,12/1/10 12:43,2.55,14729.0,United Kingdom
539084,84836,ZINC METAL HEART DECORATION,12.0,12/16/10 9:31,1.25,13890.0,United Kingdom
543096,21733,RED HANGING HEART T-LIGHT HOLDER,3.0,2/3/11 11:39,2.95,14044.0,United Kingdom
542936,84596L,BISCUITS SMALL BOWL LIGHT BLUE,1.0,2/2/11 11:10,1.25,,United Kingdom
540149,85099F,JUMBO BAG STRAWBERRY,20.0,1/5/11 11:00,1.95,12921.0,United Kingdom
537400,21181,PLEASE ONE PERSON METAL SIGN,1.0,12/6/10 14:36,2.1,17191.0,United Kingdom
538881,21041,RED RETROSPOT OVEN GLOVE DOUBLE,1.0,12/14/10 15:54,5.91,,United Kingdom
543467,84598,BOYS ALPHABET IRON ON PATCHES,13.0,2/8/11 14:35,0.42,,United Kingdom
541262,22759,SET OF 3 NOTEBOOKS IN PARCEL,1.0,1/16/11 15:50,1.65,18069.0,United Kingdom
537374,22943,CHRISTMAS LIGHTS 10 VINTAGE BAUBLES,2.0,12/6/10 12:55,4.95,17259.0,United Kingdom
540026,21930,JUMBO STORAGE BAG SKULLS,1.0,1/4/11 13:25,4.21,,United Kingdom
541830,21355,TOAST ITS - I LOVE YOU ,1.0,1/21/11 17:09,2.46,,United Kingdom
540352,82613C,"METAL SIGN,CUPCAKE SINGLE HOOK",13.0,1/6/11 14:27,0.85,,United Kingdom
538884,21166,COOK WITH WINE METAL SIGN ,1.0,12/14/10 15:56,4.21,,United Kingdom
536756,22325,MOBILE VINTAGE HEARTS ,1.0,12/2/10 14:23,4.95,,United Kingdom
538171,22748,POPPY'S PLAYHOUSE KITCHEN,2.0,12/9/10 20:01,2.1,17530.0,United Kingdom
541990,22257,FELT FARM ANIMAL SHEEP,12.0,1/25/11 9:01,1.25,13901.0,United Kingdom
537366,22436,12 COLOURED PARTY BALLOONS,10.0,12/6/10 12:39,0.65,14085.0,United Kingdom
538078,84520B,PACK 20 ENGLISH ROSE PAPER NAPKINS,2.0,12/9/10 14:25,0.85,16255.0,United Kingdom
537212,POST,POSTAGE,4.0,12/5/10 15:21,18.0,12720.0,Germany
539743,82580,BATHROOM METAL SIGN,1.0,12/21/10 15:20,1.28,,United Kingdom
539240,21774,DECORATIVE CATS BATHROOM BOTTLE,24.0,12/16/10 13:15,0.42,15194.0,United Kingdom
541221,21215,IVORY PAPER CUP CAKE CASES ,5.0,1/14/11 14:28,1.25,,United Kingdom
539434,84568,GIRLS ALPHABET IRON ON PATCHES ,12.0,12/17/10 14:41,0.43,,United Kingdom
537434,21914,BLUE HARMONICA IN BOX ,6.0,12/6/10 16:57,2.51,,United Kingdom
539933,90170,DAISY HAIR BAND,12.0,12/23/10 11:24,1.65,15235.0,United Kingdom
542360,22766,PHOTO FRAME CORNICE,1.0,1/27/11 12:40,2.95,14701.0,United Kingdom
537795,84406B,CREAM CUPID HEARTS COAT HANGER,8.0,12/8/10 13:03,3.25,17213.0,United Kingdom
538902,16237,SLEEPING CAT ERASERS,30.0,12/15/10 10:04,0.21,14150.0,United Kingdom
542797,84077,WORLD WAR 2 GLIDERS ASSTD DESIGNS,48.0,2/1/11 11:08,0.29,17884.0,United Kingdom
537254,22111,SCOTTIE DOG HOT WATER BOTTLE,3.0,12/6/10 11:01,4.95,15898.0,United Kingdom
542895,22663,JUMBO BAG DOLLY GIRL DESIGN,3.0,2/1/11 13:47,1.95,14549.0,United Kingdom
541948,22771,CLEAR DRAWER KNOB ACRYLIC EDWARDIAN,72.0,1/24/11 12:00,1.25,15820.0,United Kingdom
544812,85099C,JUMBO  BAG BAROQUE BLACK WHITE,1.0,2/23/11 15:58,4.13,,United Kingdom
544214,21041,RED RETROSPOT OVEN GLOVE DOUBLE,3.0,2/17/11 11:19,6.63,,United Kingdom
537594,22847,BREAD BIN DINER STYLE IVORY,4.0,12/7/10 12:28,14.95,12647.0,Germany
541516,22640,SET OF 4 NAPKIN CHARMS 3 KEYS ,4.0,1/18/11 17:34,1.63,,United Kingdom
541848,44091A,BLUE CRUSOE CHECK LAMPSHADE,6.0,1/23/11 13:31,0.42,17611.0,United Kingdom
544495,22366,DOORMAT AIRMAIL ,2.0,2/21/11 11:42,7.95,12766.0,Portugal
542534,22620,4 TRADITIONAL SPINNING TOPS,12.0,1/28/11 13:27,1.25,13707.0,United Kingdom
539749,22734,,30.0,12/21/10 15:33,0.0,,United Kingdom
537823,22690,DOORMAT HOME SWEET HOME BLUE ,1.0,12/8/10 14:25,14.43,,United Kingdom
540551,85116,BLACK CANDELABRA T-LIGHT HOLDER,3.0,1/10/11 9:43,1.66,,United Kingdom
541126,21259,VICTORIAN SEWING BOX SMALL ,2.0,1/14/11 10:10,5.95,15626.0,United Kingdom
544661,22939,APRON APPLE DELIGHT,4.0,2/22/11 13:59,4.95,15303.0,United Kingdom
538248,84849D,HOT BATHS SOAP HOLDER,1.0,12/10/10 12:14,1.69,18116.0,United Kingdom
540977,82613C,"METAL SIGN,CUPCAKE SINGLE HOOK",3.0,1/12/11 15:01,0.85,,United Kingdom
539708,21156,RETROSPOT CHILDRENS APRON,1.0,12/21/10 12:18,4.21,,United Kingdom
541827,20867,PINK ROSE FABRIC MIRROR,3.0,1/21/11 17:05,0.83,,United Kingdom
544717,22518,CHILDS GARDEN BRUSH BLUE,6.0,2/23/11 10:44,2.1,18172.0,United Kingdom
541811,84559b,3D SHEET OF CAT STICKERS,1.0,1/21/11 15:01,1.66,,United Kingdom
541971,22558,CLOTHES PEGS RETROSPOT PACK 24 ,1.0,1/24/11 13:48,2.46,,United Kingdom
544700,47518F,ICON PLACEMAT POP ART ELVIS,24.0,2/23/11 10:10,0.42,18041.0,United Kingdom
537762,22150,3 STRIPEY MICE FELTCRAFT,6.0,12/8/10 12:01,1.95,16558.0,United Kingdom
541854,20728,LUNCH BAG CARS BLUE,1.0,1/23/11 14:58,1.65,18283.0,United Kingdom
541660,85152,HAND OVER THE CHOCOLATE   SIGN ,4.0,1/20/11 12:20,2.1,17787.0,United Kingdom
542600,21210,SET OF 72 RETROSPOT PAPER  DOILIES,2.0,1/30/11 11:11,1.45,16923.0,United Kingdom
537638,22712,CARD DOLLY GIRL ,1.0,12/7/10 15:28,0.83,,United Kingdom
536406,20679,EDWARDIAN PARASOL RED,6.0,12/1/10 11:33,4.95,17850.0,United Kingdom
544800,22505,MEMO BOARD COTTAGE DESIGN,4.0,2/23/11 13:45,4.95,15687.0,United Kingdom
540026,22805,BLUE DRAWER KNOB ACRYLIC EDWARDIAN,3.0,1/4/11 13:25,2.51,,United Kingdom
544928,DOT,DOTCOM POSTAGE,1.0,2/24/11 18:07,189.91,,United Kingdom
542349,22957,SET 3 PAPER VINTAGE CHICK PAPER EGG,6.0,1/27/11 12:10,2.95,15513.0,United Kingdom
539436,21216,"SET 3 RETROSPOT TEA,COFFEE,SUGAR",2.0,12/17/10 14:49,11.02,,United Kingdom
536464,22573,STAR WOODEN CHRISTMAS DECORATION,1.0,12/1/10 12:23,0.85,17968.0,United Kingdom
539434,22646,CERAMIC STRAWBERRY CAKE MONEY BANK,2.0,12/17/10 14:41,3.36,,United Kingdom
542737,82482,WOODEN PICTURE FRAME WHITE FINISH,6.0,1/31/11 15:52,2.55,15058.0,United Kingdom
543828,22829,SWEETHEART WIRE WALL TIDY,4.0,2/14/11 9:45,9.95,14156.0,EIRE
543056,22728,ALARM CLOCK BAKELIKE PINK,12.0,2/3/11 10:47,3.75,12471.0,Germany
542713,22303,COFFEE MUG APPLES DESIGN,6.0,1/31/11 13:27,2.55,12668.0,Germany
537371,22902,TOTE BAG I LOVE LONDON,12.0,12/6/10 12:47,2.1,15028.0,United Kingdom
543380,84992,72 SWEETHEART FAIRY CAKE CASES,24.0,2/7/11 15:47,0.55,14293.0,United Kingdom
539450,22943,CHRISTMAS LIGHTS 10 VINTAGE BAUBLES,4.0,12/17/10 16:53,4.95,15570.0,United Kingdom
540977,85088,CANDY SPOT HAND BAG,4.0,1/12/11 15:01,1.66,,United Kingdom
542252,22386,JUMBO BAG PINK POLKADOT,3.0,1/26/11 16:01,4.13,,United Kingdom
543587,22212,FOUR HOOK  WHITE LOVEBIRDS,6.0,2/10/11 11:39,2.1,12561.0,Germany
543000,20713,JUMBO BAG OWLS,4.0,2/2/11 12:17,4.13,,United Kingdom
540832,21427,SKULLS STORAGE BOX SMALL,1.0,1/11/11 14:42,4.96,,United Kingdom
543548,21613,S/12 VANILLA  BOTANICAL T-LIGHTS,6.0,2/10/11 9:21,2.95,13706.0,United Kingdom
536572,22579,WOODEN TREE CHRISTMAS SCANDINAVIAN,24.0,12/1/10 15:40,0.85,16539.0,United Kingdom
537434,22728,ALARM CLOCK BAKELIKE PINK,1.0,12/6/10 16:57,7.62,,United Kingdom
538147,M,Manual,1.0,12/9/10 16:11,15.0,13090.0,United Kingdom
540373,22720,SET OF 3 CAKE TINS PANTRY DESIGN ,2.0,1/6/11 17:10,4.95,13280.0,United Kingdom
540014,84499,BLACK FLOWER CANDLE PLATE,6.0,1/4/11 11:34,0.85,14606.0,United Kingdom
538354,22492,MINI PAINT SET VINTAGE ,144.0,12/10/10 15:45,0.65,16873.0,United Kingdom
537041,85054,FRENCH ENAMEL POT W LID,2.0,12/5/10 10:36,2.95,16033.0,United Kingdom
537666,22296,HEART IVORY TRELLIS LARGE,2.0,12/7/10 18:36,3.36,,United Kingdom
541878,22308,TEA COSY BLUE STRIPE,1.0,1/24/11 10:28,4.96,,United Kingdom
536759,48185,DOORMAT FAIRY CAKE,2.0,12/2/10 14:26,7.95,16781.0,United Kingdom
540630,21686,MEDINA STAMPED METAL STOOL,2.0,1/10/11 11:59,39.95,17849.0,United Kingdom
541497,22666,RECIPE BOX PANTRY YELLOW DESIGN,1.0,1/18/11 15:19,5.79,,United Kingdom
539262,22896,PEG BAG APPLES DESIGN,6.0,12/16/10 14:35,2.55,15789.0,United Kingdom
536836,47570B,TEA TIME TABLE CLOTH,1.0,12/2/10 18:08,10.65,18168.0,United Kingdom
538566,16237,SLEEPING CAT ERASERS,3.0,12/13/10 11:21,0.43,,United Kingdom
538153,22196,SMALL HEART MEASURING SPOONS,1.0,12/9/10 16:31,1.66,,United Kingdom
536557,22041,"RECORD FRAME 7"" SINGLE SIZE ",4.0,12/1/10 14:41,2.55,17841.0,United Kingdom
537391,22953,BIRTHDAY PARTY CORDON BARRIER TAPE,4.0,12/6/10 13:53,1.25,16550.0,United Kingdom
544916,22358,KINGS CHOICE TEA CADDY ,2.0,2/24/11 15:42,2.95,17377.0,United Kingdom
541104,22403,MAGNETS PACK OF 4 VINTAGE LABELS ,3.0,1/13/11 14:29,0.83,,United Kingdom
540154,22817,CARD SUKI BIRTHDAY,7.0,1/5/11 11:30,0.43,,United Kingdom
537237,21488,RED WHITE SCARF  HOT WATER BOTTLE,1.0,12/6/10 9:58,8.47,,United Kingdom
537463,21559,STRAWBERRY LUNCH BOX WITH CUTLERY,6.0,12/7/10 10:08,2.55,12681.0,France
540468,22198,LARGE POPCORN HOLDER ,1.0,1/7/11 13:55,3.36,,United Kingdom
540510,22960,JAM MAKING SET WITH JARS,6.0,1/9/11 11:32,4.25,15611.0,United Kingdom
541104,21166,COOK WITH WINE METAL SIGN ,1.0,1/13/11 14:29,4.13,,United Kingdom
538268,22965,3 TRADITIONAL COOKIE CUTTERS  SET,6.0,12/10/10 12:45,2.1,18065.0,United Kingdom
538993,35471D,SET OF 3 BIRD LIGHT PINK FEATHER ,12.0,12/15/10 12:01,1.25,15512.0,United Kingdom
543349,22752,SET 7 BABUSHKA NESTING BOXES,2.0,2/7/11 13:13,8.5,17774.0,United Kingdom
544338,22617,BAKING SET SPACEBOY DESIGN,3.0,2/18/11 8:47,4.95,12852.0,United Kingdom
540978,84050,counted,-310.0,1/12/11 15:04,0.0,,United Kingdom
544051,85039B,S/4 IVORY MINI ROSE CANDLE IN BOWL,12.0,2/15/11 12:40,1.65,16700.0,United Kingdom
540355,20726,LUNCH BAG WOODLAND,9.0,1/6/11 15:11,5.06,,United Kingdom
543484,22526,WHEELBARROW FOR CHILDREN ,3.0,2/9/11 10:11,12.75,12721.0,France
538520,21679,SKULLS  STICKERS,1.0,12/12/10 16:21,0.85,,United Kingdom
540163,22469,HEART OF WICKER SMALL,40.0,1/5/11 11:52,1.45,13089.0,United Kingdom
539750,22367,CHILDRENS APRON SPACEBOY DESIGN,11.0,12/21/10 15:40,5.06,,United Kingdom
537200,47367B,PAIR PADDED HANGERS PINK CHECK,2.0,12/5/10 14:17,3.75,15867.0,United Kingdom
536876,22553,PLASTERS IN TIN SKULLS,4.0,12/3/10 11:36,3.36,,United Kingdom
543306,21239,PINK  POLKADOT CUP,2.0,2/7/11 11:56,0.85,16686.0,United Kingdom
542344,21107,CREAM SLICE FLANNEL PINK SPOT ,1.0,1/27/11 11:30,5.79,,United Kingdom
539639,22970,LONDON BUS COFFEE MUG,2.0,12/20/10 15:26,2.55,14083.0,United Kingdom
539497,22622,BOX OF VINTAGE ALPHABET BLOCKS,4.0,12/20/10 10:41,9.95,12944.0,United Kingdom
538071,21641,ASSORTED TUTTI FRUTTI KEYRING BALL,1.0,12/9/10 14:09,1.66,,United Kingdom
542618,22667,RECIPE BOX RETROSPOT ,1.0,1/30/11 15:52,2.95,14502.0,United Kingdom
543825,22411,JUMBO SHOPPER VINTAGE RED PAISLEY,10.0,2/14/11 9:33,1.95,16098.0,United Kingdom
543399,84380,SET OF 3 BUTTERFLY COOKIE CUTTERS,1.0,2/8/11 11:07,2.46,,United Kingdom
538180,22969,HOMEMADE JAM SCENTED CANDLES,24.0,12/10/10 9:53,1.45,13418.0,United Kingdom
538354,22844,VINTAGE CREAM DOG FOOD CONTAINER,6.0,12/10/10 15:45,8.5,16873.0,United Kingdom
544462,22961,JAM MAKING SET PRINTED,3.0,2/20/11 14:21,1.45,17050.0,United Kingdom
539453,85129B,BEADED CRYSTAL HEART GREEN SMALL,1.0,12/17/10 17:08,2.51,,United Kingdom
541993,84988,SET OF 72 PINK HEART PAPER DOILIES,2.0,1/25/11 9:37,3.75,,United Kingdom
540021,84997C,BLUE 3 PIECE POLKADOT CUTLERY SET,1.0,1/4/11 12:51,3.75,17841.0,United Kingdom
539436,22279,POCKET BAG BLUE PAISLEY RED SPOT,1.0,12/17/10 14:49,2.51,,United Kingdom
541845,21430,SET/3 RED GINGHAM ROSE STORAGE BOX,1.0,1/23/11 12:41,3.75,15167.0,United Kingdom
542344,22243,5 HOOK HANGER RED MAGIC TOADSTOOL,1.0,1/27/11 11:30,3.29,,United Kingdom
537237,21743,STAR PORTABLE TABLE LIGHT ,1.0,12/6/10 9:58,5.91,,United Kingdom
542895,22766,PHOTO FRAME CORNICE,1.0,2/1/11 13:47,2.95,14549.0,United Kingdom
541695,20867,PINK ROSE FABRIC MIRROR,1.0,1/20/11 18:01,0.83,,United Kingdom
542541,85131D,BEADED CRYSTAL HEART PINK ON STICK,1.0,1/28/11 14:25,0.83,,United Kingdom
544158,84792,ENCHANTED BIRD COATHANGER 5 HOOK,4.0,2/16/11 12:47,4.65,14944.0,United Kingdom
538999,82494L,WOODEN FRAME ANTIQUE WHITE ,12.0,12/15/10 12:09,2.95,16003.0,United Kingdom
541362,21877,HOME SWEET HOME MUG,24.0,1/17/11 14:49,1.25,17730.0,United Kingdom
542895,22469,HEART OF WICKER SMALL,1.0,2/1/11 13:47,1.65,14549.0,United Kingdom
544307,21506,"FANCY FONT BIRTHDAY CARD, ",24.0,2/17/11 14:04,0.42,15903.0,United Kingdom
536401,22809,SET OF 6 T-LIGHTS SANTA,1.0,12/1/10 11:21,2.95,15862.0,United Kingdom
537350,22076,6 RIBBONS EMPIRE  ,12.0,12/6/10 12:23,1.65,14708.0,United Kingdom
545021,21773,DECORATIVE ROSE BATHROOM BOTTLE,12.0,2/25/11 14:11,1.25,17663.0,United Kingdom
544792,82483,WOOD 2 DRAWER CABINET WHITE FINISH,16.0,2/23/11 12:37,5.95,18172.0,United Kingdom
541789,22325,MOBILE VINTAGE HEARTS ,3.0,1/21/11 13:07,4.25,14088.0,United Kingdom
542904,22423,REGENCY CAKESTAND 3 TIER,1.0,2/1/11 14:58,12.75,12682.0,France
544068,20676,RED RETROSPOT BOWL,1.0,2/15/11 14:08,1.25,16431.0,United Kingdom
540848,20770,ABSTRACT CIRCLE JOURNAL ,1.0,1/12/11 9:26,2.51,,United Kingdom
540848,22247,BUNNY DECORATION MAGIC GARDEN,7.0,1/12/11 9:26,0.81,,United Kingdom
538171,22751,FELTCRAFT PRINCESS OLIVIA DOLL,1.0,12/9/10 20:01,3.75,17530.0,United Kingdom
543171,21947,SET OF 6 HEART CHOPSTICKS,3.0,2/4/11 9:11,2.46,,United Kingdom
538198,22291,HANGING CHICK CREAM DECORATION,24.0,12/10/10 11:01,1.45,17827.0,United Kingdom
C542726,22701,PINK DOG BOWL,-2.0,1/31/11 15:08,2.95,16191.0,United Kingdom
544684,85199L,LARGE HANGING IVORY & RED WOOD BIRD,3.0,2/22/11 16:32,1.25,,United Kingdom
543033,47422,ASSORTED MONKEY SUCTION CUP HOOK,2.0,2/2/11 15:48,0.42,17841.0,United Kingdom
540545,22558,CLOTHES PEGS RETROSPOT PACK 24 ,3.0,1/9/11 15:35,1.49,13451.0,United Kingdom
C538341,22988,SOLDIERS EGG CUP ,-12.0,12/10/10 14:03,1.25,15514.0,United Kingdom
541680,21166,COOK WITH WINE METAL SIGN ,48.0,1/20/11 14:18,1.69,14062.0,United Kingdom
538183,85114B,IVORY ENCHANTED FOREST PLACEMAT,12.0,12/10/10 10:21,1.65,16265.0,United Kingdom
537888,21498,RED RETROSPOT WRAP ,25.0,12/9/10 10:04,0.42,15358.0,United Kingdom
540821,21937,STRAWBERRY   PICNIC BAG,1.0,1/11/11 13:16,5.91,,United Kingdom
544159,21175,GIN + TONIC DIET METAL SIGN,12.0,2/16/11 12:48,2.55,14944.0,United Kingdom
544681,22487,WHITE WOOD GARDEN PLANT LADDER,1.0,2/22/11 16:28,19.96,,United Kingdom
539307,84519B,CARROT CHARLIE+LOLA COASTER SET,24.0,12/16/10 17:43,1.25,13694.0,United Kingdom
536783,21498,RED RETROSPOT WRAP ,200.0,12/2/10 15:19,0.34,15061.0,United Kingdom
541830,20707,CRAZY DAISY HEART DECORATION,1.0,1/21/11 17:09,2.46,,United Kingdom
540496,22192,BLUE DINER WALL CLOCK,6.0,1/7/11 17:18,8.5,15485.0,United Kingdom
543293,21479,WHITE SKULL HOT WATER BOTTLE ,4.0,2/7/11 11:20,3.75,17613.0,United Kingdom
539250,85054,FRENCH ENAMEL POT W LID,12.0,12/16/10 13:44,1.25,15157.0,United Kingdom
540356,35970,ZINC FOLKART SLEIGH BELLS,2.0,1/6/11 15:12,4.21,,United Kingdom
544180,21069,VINTAGE BILLBOARD TEA MUG,12.0,2/16/11 14:48,1.25,14309.0,United Kingdom
542107,85152,HAND OVER THE CHOCOLATE   SIGN ,6.0,1/25/11 13:38,2.1,16222.0,United Kingdom
543467,21411,GINGHAM HEART  DOORSTOP RED,1.0,2/8/11 14:35,8.29,,United Kingdom
544313,22483,RED GINGHAM TEDDY BEAR ,2.0,2/17/11 14:36,2.95,14099.0,United Kingdom
541696,21706,FOLDING UMBRELLA RED/WHITE POLKADOT,2.0,1/20/11 18:08,3.29,,United Kingdom
543277,21955,DOORMAT UNION JACK GUNS AND ROSES,2.0,2/6/11 14:33,7.95,15808.0,United Kingdom
539597,22303,COFFEE MUG APPLES DESIGN,12.0,12/20/10 13:52,2.55,17090.0,United Kingdom
544068,21245,GREEN POLKADOT PLATE ,2.0,2/15/11 14:08,1.69,16431.0,United Kingdom
542733,21713,CITRONELLA CANDLE FLOWERPOT,1.0,1/31/11 15:35,2.1,15058.0,United Kingdom
543803,22230,JIGSAW TREE WITH WATERING CAN,5.0,2/13/11 12:05,0.85,17126.0,United Kingdom
538008,22951,60 CAKE CASES DOLLY GIRL DESIGN,24.0,12/9/10 12:17,0.55,12683.0,France
537622,22111,SCOTTIE DOG HOT WATER BOTTLE,1.0,12/7/10 14:30,4.95,13173.0,United Kingdom
541013,22505,MEMO BOARD COTTAGE DESIGN,4.0,1/13/11 11:54,4.95,15694.0,United Kingdom
538184,22492,MINI PAINT SET VINTAGE ,36.0,12/10/10 10:21,0.65,17880.0,United Kingdom
541268,22974,CHILDRENS DOLLY GIRL MUG,5.0,1/17/11 10:52,1.65,12872.0,United Kingdom
539453,90115,SUMMER BUTTERFLIES BAG CHARM,1.0,12/17/10 17:08,2.51,,United Kingdom
537817,22837,HOT WATER BOTTLE BABUSHKA ,4.0,12/8/10 13:53,4.65,18269.0,United Kingdom
539837,22692,DOORMAT WELCOME TO OUR HOME,1.0,12/22/10 13:48,7.95,14532.0,United Kingdom
538008,21094,SET/6 RED SPOTTY PAPER PLATES,12.0,12/9/10 12:17,0.85,12683.0,France
539053,22941,CHRISTMAS LIGHTS 10 REINDEER,1.0,12/15/10 16:32,8.5,16725.0,United Kingdom
543737,22199,FRYING PAN RED RETROSPOT,12.0,2/11/11 12:45,4.25,12477.0,Germany
541695,84707A,SILVER JEWELLED MIRROR TRINKET TRAY,1.0,1/20/11 18:01,5.79,,United Kingdom
540031,21135,VICTORIAN  METAL POSTCARD SPRING,7.0,1/4/11 13:50,1.69,17975.0,United Kingdom
542737,84970S,HANGING HEART ZINC T-LIGHT HOLDER,12.0,1/31/11 15:52,0.85,15058.0,United Kingdom
536982,22631,CIRCUS PARADE LUNCH BOX ,2.0,12/3/10 14:27,3.36,,United Kingdom
539261,85025C,PINK HEART SHAPE PHOTO FRAME,12.0,12/16/10 14:34,1.65,15620.0,United Kingdom
537688,21181,PLEASE ONE PERSON METAL SIGN,12.0,12/8/10 10:35,2.1,17406.0,United Kingdom
541999,20725,LUNCH BAG RED RETROSPOT,1.0,1/25/11 10:45,4.13,,United Kingdom
544685,22661,CHARLOTTE BAG DOLLY GIRL DESIGN,10.0,2/22/11 17:13,0.85,13285.0,United Kingdom
542719,21314,SMALL GLASS HEART TRINKET POT,2.0,1/31/11 14:18,2.1,17619.0,United Kingdom
537434,35957,SMALLFOLKART BAUBLE CHRISTMAS DEC,7.0,12/6/10 16:57,1.66,,United Kingdom
542906,85116,BLACK CANDELABRA T-LIGHT HOLDER,11.0,2/1/11 15:12,1.63,,United Kingdom
538945,22722,SET OF 6 SPICE TINS PANTRY DESIGN,24.0,12/15/10 11:22,3.45,17230.0,United Kingdom
539039,22754,SMALL RED BABUSHKA NOTEBOOK ,12.0,12/15/10 15:00,0.85,13124.0,United Kingdom
C540559,21888,BINGO SET,-4.0,1/10/11 10:07,3.75,,EIRE
542216,22968,ROSE COTTAGE KEEPSAKE BOX ,4.0,1/26/11 12:29,9.95,14911.0,EIRE
538071,21794,CLASSIC FRENCH STYLE BASKET NATURAL,1.0,12/9/10 14:09,13.57,,United Kingdom
539607,22312,OFFICE MUG WARMER POLKADOT,12.0,12/20/10 14:10,2.95,12681.0,France
542552,21645,,-1.0,1/28/11 14:47,0.0,,United Kingdom
540026,22263,FELT EGG COSY LADYBIRD ,7.0,1/4/11 13:25,0.81,,United Kingdom
537823,90201D,GREEN ENAMEL FLOWER RING,1.0,12/8/10 14:25,2.96,,United Kingdom
541417,85213,MINI  ZINC GARDEN DECORATIONS ,12.0,1/17/11 16:23,0.85,16033.0,United Kingdom
544167,22771,CLEAR DRAWER KNOB ACRYLIC EDWARDIAN,12.0,2/16/11 13:14,1.25,14755.0,United Kingdom
543803,84879,ASSORTED COLOUR BIRD ORNAMENT,8.0,2/13/11 12:05,1.69,17126.0,United Kingdom
539728,21136,PAINTED METAL PEARS ASSORTED,8.0,12/21/10 14:26,1.69,16270.0,United Kingdom
539586,44228,CANNABIS LEAF BEAD CURTAIN,24.0,12/20/10 13:08,0.85,14298.0,United Kingdom
539222,22386,JUMBO BAG PINK POLKADOT,10.0,12/16/10 13:00,1.95,14621.0,United Kingdom
542890,22521,CHILDS GARDEN TROWEL PINK,3.0,2/1/11 13:25,0.85,15311.0,United Kingdom
540977,84968D,SET OF 16 VINTAGE RED CUTLERY,11.0,1/12/11 15:01,8.47,,United Kingdom
543597,22341,LOVE GARLAND PAINTED ZINC ,12.0,2/10/11 12:32,1.65,12857.0,United Kingdom
539075,21086,SET/6 RED SPOTTY PAPER CUPS,1.0,12/15/10 17:28,0.65,17189.0,United Kingdom
542720,22644,CERAMIC CHERRY CAKE MONEY BANK,12.0,1/31/11 14:35,1.45,12778.0,Netherlands
541265,22195,LARGE HEART MEASURING SPOONS,1.0,1/16/11 16:23,1.65,17609.0,United Kingdom
536759,82484,WOOD BLACK BOARD ANT WHITE FINISH,3.0,12/2/10 14:26,6.45,16781.0,United Kingdom
543013,21700,BIG DOUGHNUT FRIDGE MAGNETS,1.0,2/2/11 13:35,8.29,,United Kingdom
541269,21891,TRADITIONAL WOODEN SKIPPING ROPE,12.0,1/17/11 11:01,1.25,12626.0,Germany
536531,22768,FAMILY PHOTO FRAME CORNICE,6.0,12/1/10 13:23,9.95,15485.0,United Kingdom
537666,21981,PACK OF 12 WOODLAND TISSUES ,1.0,12/7/10 18:36,0.85,,United Kingdom
544937,85099F,JUMBO BAG STRAWBERRY,10.0,2/25/11 10:09,1.95,12839.0,United Kingdom
539015,84947,ANTIQUE SILVER TEA GLASS ENGRAVED,12.0,12/15/10 13:38,1.25,15822.0,United Kingdom
540489,22189,CREAM HEART CARD HOLDER,6.0,1/7/11 16:32,3.95,13593.0,United Kingdom
542898,37446,MINI CAKE STAND WITH HANGING CAKES,1.0,2/1/11 14:01,1.45,16110.0,United Kingdom
544068,21240,BLUE POLKADOT CUP,1.0,2/15/11 14:08,0.85,16431.0,United Kingdom
542733,20984,12 PENCILS TALL TUBE POSY,1.0,1/31/11 15:35,0.85,15058.0,United Kingdom
539957,21625,VINTAGE UNION JACK APRON,3.0,12/23/10 12:58,6.95,12585.0,Germany
540848,21993,FLORAL FOLK STATIONERY SET,2.0,1/12/11 9:26,2.51,,United Kingdom
539297,22403,MAGNETS PACK OF 4 VINTAGE LABELS ,12.0,12/16/10 17:20,1.25,17691.0,United Kingdom
536876,22816,CARD MOTORBIKE SANTA,2.0,12/3/10 11:36,0.85,,United Kingdom
542219,21947,SET OF 6 HEART CHOPSTICKS,12.0,1/26/11 12:36,1.25,17735.0,United Kingdom
537645,82600,NO SINGING METAL SIGN,1.0,12/7/10 15:34,4.21,,United Kingdom
544917,85053,FRENCH ENAMEL CANDLEHOLDER,2.0,2/24/11 15:56,2.1,13751.0,United Kingdom
539607,22413,METAL SIGN TAKE IT OR LEAVE IT ,6.0,12/20/10 14:10,2.95,12681.0,France
537212,22963,JAM JAR WITH GREEN LID,12.0,12/5/10 15:21,0.85,12720.0,Germany
538351,22728,ALARM CLOCK BAKELIKE PINK,4.0,12/10/10 15:17,8.47,,United Kingdom
536582,22025,RING OF ROSES BIRTHDAY CARD,12.0,12/1/10 16:21,0.42,12947.0,United Kingdom
543470,22967,SET 3 SONG BIRD PAPER EGGS ASSORTED,12.0,2/8/11 14:58,2.95,16951.0,United Kingdom
544201,85099B,JUMBO BAG RED RETROSPOT,1.0,2/17/11 10:11,4.13,,United Kingdom
541827,84931A,PINK SCOTTIE DOG W FLOWER PATTERN,2.0,1/21/11 17:05,1.63,,United Kingdom
539724,22504,CABIN BAG VINTAGE RETROSPOT,30.0,12/21/10 13:53,12.75,13029.0,United Kingdom
539594,18098C,PORCELAIN BUTTERFLY OIL BURNER,6.0,12/20/10 13:31,2.95,17621.0,United Kingdom
541809,22423,REGENCY CAKESTAND 3 TIER,8.0,1/21/11 14:58,24.96,,United Kingdom
541585,22854,CREAM SWEETHEART EGG HOLDER,4.0,1/19/11 14:22,4.95,14180.0,United Kingdom
543552,22847,,-10.0,2/10/11 10:05,0.0,,United Kingdom
539459,21137,BLACK RECORD COVER FRAME,11.0,12/17/10 17:33,3.75,12839.0,United Kingdom
541424,21012,ANTIQUE ALL GLASS CANDLESTICK,2.0,1/17/11 17:57,2.46,,United Kingdom
536571,22696,WICKER WREATH LARGE,6.0,12/1/10 15:37,1.95,14696.0,United Kingdom
541268,70006,LOVE HEART POCKET WARMER,1.0,1/17/11 10:52,1.65,12872.0,United Kingdom
539610,21056,DOCTOR'S BAG SOFT TOY,1.0,12/20/10 14:33,8.95,14606.0,United Kingdom
539451,21174,POTTERING IN THE SHED METAL SIGN,1.0,12/17/10 16:59,4.21,,United Kingdom
